run_id,experiment_id,scheme,dataset_id,topology_id,budget,manifest_size,seed,git_commit,promotion_reason,promoted_at
exp_staleness_v1__hiroute__smartcity_v1__rf_3967_exodus__seed1__20260313_084545,exp_staleness_v1,hiroute,smartcity_v1,rf_3967_exodus,,,1,2afc84e,meets min run count and artifact completeness,2026-03-13T08:53:58Z
exp_staleness_v1__hiroute__smartcity_v1__rf_3967_exodus__seed2__20260313_084629,exp_staleness_v1,hiroute,smartcity_v1,rf_3967_exodus,,,2,2afc84e,meets min run count and artifact completeness,2026-03-13T08:53:58Z
exp_staleness_v1__hiroute__smartcity_v1__rf_3967_exodus__seed3__20260313_084713,exp_staleness_v1,hiroute,smartcity_v1,rf_3967_exodus,,,3,2afc84e,meets min run count and artifact completeness,2026-03-13T08:53:58Z
exp_failures_v1__hiroute__smartcity_v1__rf_3967_exodus__link__seed1__20260313_084814,exp_failures_v1,hiroute,smartcity_v1,rf_3967_exodus,,,1,2afc84e,meets min run count and artifact completeness,2026-03-13T08:54:17Z
exp_failures_v1__hiroute__smartcity_v1__rf_3967_exodus__link__seed2__20260313_084858,exp_failures_v1,hiroute,smartcity_v1,rf_3967_exodus,,,2,2afc84e,meets min run count and artifact completeness,2026-03-13T08:54:17Z
exp_failures_v1__hiroute__smartcity_v1__rf_3967_exodus__link__seed3__20260313_084942,exp_failures_v1,hiroute,smartcity_v1,rf_3967_exodus,,,3,2afc84e,meets min run count and artifact completeness,2026-03-13T08:54:17Z
exp_failures_v1__hiroute__smartcity_v1__rf_3967_exodus__domain__seed1__20260313_085025,exp_failures_v1,hiroute,smartcity_v1,rf_3967_exodus,,,1,2afc84e,meets min run count and artifact completeness,2026-03-13T08:54:17Z
exp_failures_v1__hiroute__smartcity_v1__rf_3967_exodus__domain__seed2__20260313_085110,exp_failures_v1,hiroute,smartcity_v1,rf_3967_exodus,,,2,2afc84e,meets min run count and artifact completeness,2026-03-13T08:54:17Z
exp_failures_v1__hiroute__smartcity_v1__rf_3967_exodus__domain__seed3__20260313_085154,exp_failures_v1,hiroute,smartcity_v1,rf_3967_exodus,,,3,2afc84e,meets min run count and artifact completeness,2026-03-13T08:54:17Z
exp_scaling_v1__hiroute__smartcity_v1__rf_3967_exodus__seed1__20260313_084457,exp_scaling_v1,hiroute,smartcity_v1,rf_3967_exodus,,,1,2afc84e,meets min run count and artifact completeness,2026-03-13T09:00:24Z
exp_scaling_v1__hiroute__smartcity_v1__rf_3967_exodus__seed2__20260313_084500,exp_scaling_v1,hiroute,smartcity_v1,rf_3967_exodus,,,2,2afc84e,meets min run count and artifact completeness,2026-03-13T09:00:24Z
exp_scaling_v1__hiroute__smartcity_v1__rf_3967_exodus__seed3__20260313_084502,exp_scaling_v1,hiroute,smartcity_v1,rf_3967_exodus,,,3,2afc84e,meets min run count and artifact completeness,2026-03-13T09:00:24Z
exp_scaling_v1__hiroute__smartcity_v1__rf_1239_sprint__seed1__20260313_084504,exp_scaling_v1,hiroute,smartcity_v1,rf_1239_sprint,,,1,2afc84e,meets min run count and artifact completeness,2026-03-13T09:00:24Z
exp_scaling_v1__hiroute__smartcity_v1__rf_1239_sprint__seed2__20260313_084509,exp_scaling_v1,hiroute,smartcity_v1,rf_1239_sprint,,,2,2afc84e,meets min run count and artifact completeness,2026-03-13T09:00:24Z
exp_scaling_v1__hiroute__smartcity_v1__rf_1239_sprint__seed3__20260313_084514,exp_scaling_v1,hiroute,smartcity_v1,rf_1239_sprint,,,3,2afc84e,meets min run count and artifact completeness,2026-03-13T09:00:24Z
exp_main_v1__exact__smartcity_v1__rf_3967_exodus__seed1__20260313_120501,exp_main_v1,exact,smartcity_v1,rf_3967_exodus,,,1,55e2e2f,meets min run count and artifact completeness,2026-03-13T11:17:20Z
exp_main_v1__oracle__smartcity_v1__rf_3967_exodus__seed1__20260313_121001,exp_main_v1,oracle,smartcity_v1,rf_3967_exodus,,,1,55e2e2f,meets min run count and artifact completeness,2026-03-13T11:17:20Z
exp_main_v1__hiroute__smartcity_v1__rf_3967_exodus__seed1__20260313_122501,exp_main_v1,hiroute,smartcity_v1,rf_3967_exodus,,,1,55e2e2f,meets min run count and artifact completeness,2026-03-13T11:17:20Z
exp_main_v1__flood__smartcity_v1__rf_3967_exodus__seed1__20260313_121501,exp_main_v1,flood,smartcity_v1,rf_3967_exodus,,,1,55e2e2f,meets min run count and artifact completeness,2026-03-13T11:17:20Z
exp_main_v1__flat_iroute__smartcity_v1__rf_3967_exodus__seed1__20260313_122001,exp_main_v1,flat_iroute,smartcity_v1,rf_3967_exodus,,,1,55e2e2f,meets min run count and artifact completeness,2026-03-13T11:17:20Z
exp_main_v1__exact__smartcity_v1__rf_3967_exodus__seed2__20260313_120601,exp_main_v1,exact,smartcity_v1,rf_3967_exodus,,,2,55e2e2f,meets min run count and artifact completeness,2026-03-13T11:17:20Z
exp_main_v1__flat_iroute__smartcity_v1__rf_3967_exodus__seed2__20260313_122101,exp_main_v1,flat_iroute,smartcity_v1,rf_3967_exodus,,,2,55e2e2f,meets min run count and artifact completeness,2026-03-13T11:17:20Z
exp_main_v1__flood__smartcity_v1__rf_3967_exodus__seed2__20260313_121601,exp_main_v1,flood,smartcity_v1,rf_3967_exodus,,,2,55e2e2f,meets min run count and artifact completeness,2026-03-13T11:17:20Z
exp_main_v1__oracle__smartcity_v1__rf_3967_exodus__seed2__20260313_121101,exp_main_v1,oracle,smartcity_v1,rf_3967_exodus,,,2,55e2e2f,meets min run count and artifact completeness,2026-03-13T11:17:20Z
exp_main_v1__hiroute__smartcity_v1__rf_3967_exodus__seed2__20260313_122601,exp_main_v1,hiroute,smartcity_v1,rf_3967_exodus,,,2,55e2e2f,meets min run count and artifact completeness,2026-03-13T11:17:20Z
exp_main_v1__exact__smartcity_v1__rf_3967_exodus__seed3__20260313_120701,exp_main_v1,exact,smartcity_v1,rf_3967_exodus,,,3,55e2e2f,meets min run count and artifact completeness,2026-03-13T11:17:20Z
exp_main_v1__hiroute__smartcity_v1__rf_3967_exodus__seed3__20260313_122701,exp_main_v1,hiroute,smartcity_v1,rf_3967_exodus,,,3,55e2e2f,meets min run count and artifact completeness,2026-03-13T11:17:20Z
exp_main_v1__oracle__smartcity_v1__rf_3967_exodus__seed3__20260313_121201,exp_main_v1,oracle,smartcity_v1,rf_3967_exodus,,,3,55e2e2f,meets min run count and artifact completeness,2026-03-13T11:17:20Z
exp_main_v1__flood__smartcity_v1__rf_3967_exodus__seed3__20260313_121701,exp_main_v1,flood,smartcity_v1,rf_3967_exodus,,,3,55e2e2f,meets min run count and artifact completeness,2026-03-13T11:17:20Z
exp_main_v1__flat_iroute__smartcity_v1__rf_3967_exodus__seed3__20260313_122201,exp_main_v1,flat_iroute,smartcity_v1,rf_3967_exodus,,,3,55e2e2f,meets min run count and artifact completeness,2026-03-13T11:17:20Z
exp_main_v1__exact__smartcity_v1__rf_3967_exodus__seed4__20260313_120801,exp_main_v1,exact,smartcity_v1,rf_3967_exodus,,,4,55e2e2f,meets min run count and artifact completeness,2026-03-13T11:17:20Z
exp_main_v1__flat_iroute__smartcity_v1__rf_3967_exodus__seed4__20260313_122301,exp_main_v1,flat_iroute,smartcity_v1,rf_3967_exodus,,,4,55e2e2f,meets min run count and artifact completeness,2026-03-13T11:17:20Z
exp_main_v1__oracle__smartcity_v1__rf_3967_exodus__seed4__20260313_121301,exp_main_v1,oracle,smartcity_v1,rf_3967_exodus,,,4,55e2e2f,meets min run count and artifact completeness,2026-03-13T11:17:20Z
exp_main_v1__hiroute__smartcity_v1__rf_3967_exodus__seed4__20260313_122801,exp_main_v1,hiroute,smartcity_v1,rf_3967_exodus,,,4,55e2e2f,meets min run count and artifact completeness,2026-03-13T11:17:20Z
exp_main_v1__flood__smartcity_v1__rf_3967_exodus__seed4__20260313_121801,exp_main_v1,flood,smartcity_v1,rf_3967_exodus,,,4,55e2e2f,meets min run count and artifact completeness,2026-03-13T11:17:20Z
exp_main_v1__exact__smartcity_v1__rf_3967_exodus__seed5__20260313_120901,exp_main_v1,exact,smartcity_v1,rf_3967_exodus,,,5,55e2e2f,meets min run count and artifact completeness,2026-03-13T11:17:20Z
exp_main_v1__flood__smartcity_v1__rf_3967_exodus__seed5__20260313_121901,exp_main_v1,flood,smartcity_v1,rf_3967_exodus,,,5,55e2e2f,meets min run count and artifact completeness,2026-03-13T11:17:20Z
exp_main_v1__oracle__smartcity_v1__rf_3967_exodus__seed5__20260313_121401,exp_main_v1,oracle,smartcity_v1,rf_3967_exodus,,,5,55e2e2f,meets min run count and artifact completeness,2026-03-13T11:17:20Z
exp_main_v1__flat_iroute__smartcity_v1__rf_3967_exodus__seed5__20260313_122401,exp_main_v1,flat_iroute,smartcity_v1,rf_3967_exodus,,,5,55e2e2f,meets min run count and artifact completeness,2026-03-13T11:17:20Z
exp_main_v1__hiroute__smartcity_v1__rf_3967_exodus__seed5__20260313_122901,exp_main_v1,hiroute,smartcity_v1,rf_3967_exodus,,,5,55e2e2f,meets min run count and artifact completeness,2026-03-13T11:17:20Z
exp_ablation_v1__predicates_plus_flat__smartcity_v1__rf_3967_exodus__seed1__20260313_123601,exp_ablation_v1,predicates_plus_flat,smartcity_v1,rf_3967_exodus,,,1,55e2e2f,meets min run count and artifact completeness,2026-03-13T11:17:20Z
exp_ablation_v1__full_hiroute__smartcity_v1__rf_3967_exodus__seed3__20260313_124101,exp_ablation_v1,full_hiroute,smartcity_v1,rf_3967_exodus,,,3,55e2e2f,meets min run count and artifact completeness,2026-03-13T11:17:20Z
exp_ablation_v1__full_hiroute__smartcity_v1__rf_3967_exodus__seed1__20260313_123901,exp_ablation_v1,full_hiroute,smartcity_v1,rf_3967_exodus,,,1,55e2e2f,meets min run count and artifact completeness,2026-03-13T11:17:20Z
exp_ablation_v1__predicates_only__smartcity_v1__rf_3967_exodus__seed1__20260313_123001,exp_ablation_v1,predicates_only,smartcity_v1,rf_3967_exodus,,,1,55e2e2f,meets min run count and artifact completeness,2026-03-13T11:17:20Z
exp_ablation_v1__predicates_plus_flat__smartcity_v1__rf_3967_exodus__seed2__20260313_123701,exp_ablation_v1,predicates_plus_flat,smartcity_v1,rf_3967_exodus,,,2,55e2e2f,meets min run count and artifact completeness,2026-03-13T11:17:20Z
exp_ablation_v1__predicates_only__smartcity_v1__rf_3967_exodus__seed3__20260313_123201,exp_ablation_v1,predicates_only,smartcity_v1,rf_3967_exodus,,,3,55e2e2f,meets min run count and artifact completeness,2026-03-13T11:17:20Z
exp_ablation_v1__full_hiroute__smartcity_v1__rf_3967_exodus__seed2__20260313_124001,exp_ablation_v1,full_hiroute,smartcity_v1,rf_3967_exodus,,,2,55e2e2f,meets min run count and artifact completeness,2026-03-13T11:17:20Z
exp_ablation_v1__predicates_only__smartcity_v1__rf_3967_exodus__seed2__20260313_123101,exp_ablation_v1,predicates_only,smartcity_v1,rf_3967_exodus,,,2,55e2e2f,meets min run count and artifact completeness,2026-03-13T11:17:20Z
exp_ablation_v1__predicates_plus_flat__smartcity_v1__rf_3967_exodus__seed3__20260313_123801,exp_ablation_v1,predicates_plus_flat,smartcity_v1,rf_3967_exodus,,,3,55e2e2f,meets min run count and artifact completeness,2026-03-13T11:17:20Z
exp_ablation_v1__flat_semantic_only__smartcity_v1__rf_3967_exodus__seed3__20260313_123501,exp_ablation_v1,flat_semantic_only,smartcity_v1,rf_3967_exodus,,,3,55e2e2f,meets min run count and artifact completeness,2026-03-13T11:17:20Z
exp_ablation_v1__flat_semantic_only__smartcity_v1__rf_3967_exodus__seed2__20260313_123401,exp_ablation_v1,flat_semantic_only,smartcity_v1,rf_3967_exodus,,,2,55e2e2f,meets min run count and artifact completeness,2026-03-13T11:17:20Z
exp_ablation_v1__flat_semantic_only__smartcity_v1__rf_3967_exodus__seed1__20260313_123301,exp_ablation_v1,flat_semantic_only,smartcity_v1,rf_3967_exodus,,,1,55e2e2f,meets min run count and artifact completeness,2026-03-13T11:17:20Z
exp_ablation_v2__full_hiroute__smartcity_v2__rf_3967_exodus__budget16__seed1__20260316_111716,exp_ablation_v2,full_hiroute,smartcity_v2,rf_3967_exodus,16,,1,c4e7cfc,meets promotion thresholds and artifact completeness,2026-03-16T11:23:11Z
exp_ablation_v2__predicates_only__smartcity_v2__rf_3967_exodus__budget16__seed1__20260316_111716,exp_ablation_v2,predicates_only,smartcity_v2,rf_3967_exodus,16,,1,c4e7cfc,meets promotion thresholds and artifact completeness,2026-03-16T11:23:11Z
exp_ablation_v2__flat_semantic_only__smartcity_v2__rf_3967_exodus__budget16__seed1__20260316_111716,exp_ablation_v2,flat_semantic_only,smartcity_v2,rf_3967_exodus,16,,1,c4e7cfc,meets promotion thresholds and artifact completeness,2026-03-16T11:23:11Z
exp_ablation_v2__predicates_plus_flat__smartcity_v2__rf_3967_exodus__budget16__seed1__20260316_111716,exp_ablation_v2,predicates_plus_flat,smartcity_v2,rf_3967_exodus,16,,1,c4e7cfc,meets promotion thresholds and artifact completeness,2026-03-16T11:23:11Z
exp_object_main_v2__oracle__smartcity_v2__rf_3967_exodus__budget16__seed1__20260316_111716,exp_object_main_v2,oracle,smartcity_v2,rf_3967_exodus,16,,1,c4e7cfc,meets promotion thresholds and artifact completeness,2026-03-16T11:23:11Z
exp_object_main_v2__flood__smartcity_v2__rf_3967_exodus__budget16__seed1__20260316_111716,exp_object_main_v2,flood,smartcity_v2,rf_3967_exodus,16,,1,c4e7cfc,meets promotion thresholds and artifact completeness,2026-03-16T11:23:11Z
exp_object_main_v2__hiroute__smartcity_v2__rf_3967_exodus__budget16__seed1__20260316_111715,exp_object_main_v2,hiroute,smartcity_v2,rf_3967_exodus,16,,1,c4e7cfc,meets promotion thresholds and artifact completeness,2026-03-16T11:23:11Z
exp_object_main_v2__flat_iroute__smartcity_v2__rf_3967_exodus__budget16__seed1__20260316_111716,exp_object_main_v2,flat_iroute,smartcity_v2,rf_3967_exodus,16,,1,c4e7cfc,meets promotion thresholds and artifact completeness,2026-03-16T11:23:11Z
exp_object_main_v2__inf_tag_forwarding__smartcity_v2__rf_3967_exodus__budget16__seed1__20260316_111715,exp_object_main_v2,inf_tag_forwarding,smartcity_v2,rf_3967_exodus,16,,1,c4e7cfc,meets promotion thresholds and artifact completeness,2026-03-16T11:23:11Z
exp_routing_main_v2__hiroute__smartcity_v2__rf_3967_exodus__budget16__seed1__20260316_111716,exp_routing_main_v2,hiroute,smartcity_v2,rf_3967_exodus,16,,1,c4e7cfc,meets promotion thresholds and artifact completeness,2026-03-16T11:23:12Z
exp_routing_main_v2__oracle__smartcity_v2__rf_3967_exodus__budget16__seed1__20260316_111715,exp_routing_main_v2,oracle,smartcity_v2,rf_3967_exodus,16,,1,c4e7cfc,meets promotion thresholds and artifact completeness,2026-03-16T11:23:12Z
exp_routing_main_v2__inf_tag_forwarding__smartcity_v2__rf_3967_exodus__budget8__seed1__20260316_111715,exp_routing_main_v2,inf_tag_forwarding,smartcity_v2,rf_3967_exodus,8,,1,c4e7cfc,meets promotion thresholds and artifact completeness,2026-03-16T11:23:12Z
exp_routing_main_v2__hiroute__smartcity_v2__rf_3967_exodus__budget8__seed1__20260316_111715,exp_routing_main_v2,hiroute,smartcity_v2,rf_3967_exodus,8,,1,c4e7cfc,meets promotion thresholds and artifact completeness,2026-03-16T11:23:12Z
exp_routing_main_v2__hiroute__smartcity_v2__rf_3967_exodus__budget64__seed1__20260316_111715,exp_routing_main_v2,hiroute,smartcity_v2,rf_3967_exodus,64,,1,c4e7cfc,meets promotion thresholds and artifact completeness,2026-03-16T11:23:12Z
exp_routing_main_v2__flood__smartcity_v2__rf_3967_exodus__budget16__seed1__20260316_111716,exp_routing_main_v2,flood,smartcity_v2,rf_3967_exodus,16,,1,c4e7cfc,meets promotion thresholds and artifact completeness,2026-03-16T11:23:12Z
exp_routing_main_v2__flat_iroute__smartcity_v2__rf_3967_exodus__budget32__seed1__20260316_111716,exp_routing_main_v2,flat_iroute,smartcity_v2,rf_3967_exodus,32,,1,c4e7cfc,meets promotion thresholds and artifact completeness,2026-03-16T11:23:12Z
exp_routing_main_v2__hiroute__smartcity_v2__rf_3967_exodus__budget32__seed1__20260316_111715,exp_routing_main_v2,hiroute,smartcity_v2,rf_3967_exodus,32,,1,c4e7cfc,meets promotion thresholds and artifact completeness,2026-03-16T11:23:12Z
exp_routing_main_v2__flat_iroute__smartcity_v2__rf_3967_exodus__budget8__seed1__20260316_111716,exp_routing_main_v2,flat_iroute,smartcity_v2,rf_3967_exodus,8,,1,c4e7cfc,meets promotion thresholds and artifact completeness,2026-03-16T11:23:12Z
exp_routing_main_v2__flat_iroute__smartcity_v2__rf_3967_exodus__budget64__seed1__20260316_111715,exp_routing_main_v2,flat_iroute,smartcity_v2,rf_3967_exodus,64,,1,c4e7cfc,meets promotion thresholds and artifact completeness,2026-03-16T11:23:12Z
exp_routing_main_v2__inf_tag_forwarding__smartcity_v2__rf_3967_exodus__budget32__seed1__20260316_111715,exp_routing_main_v2,inf_tag_forwarding,smartcity_v2,rf_3967_exodus,32,,1,c4e7cfc,meets promotion thresholds and artifact completeness,2026-03-16T11:23:12Z
exp_routing_main_v2__inf_tag_forwarding__smartcity_v2__rf_3967_exodus__budget64__seed1__20260316_111716,exp_routing_main_v2,inf_tag_forwarding,smartcity_v2,rf_3967_exodus,64,,1,c4e7cfc,meets promotion thresholds and artifact completeness,2026-03-16T11:23:12Z
exp_routing_main_v2__flat_iroute__smartcity_v2__rf_3967_exodus__budget16__seed1__20260316_111716,exp_routing_main_v2,flat_iroute,smartcity_v2,rf_3967_exodus,16,,1,c4e7cfc,meets promotion thresholds and artifact completeness,2026-03-16T11:23:12Z
exp_routing_main_v2__inf_tag_forwarding__smartcity_v2__rf_3967_exodus__budget16__seed1__20260316_111715,exp_routing_main_v2,inf_tag_forwarding,smartcity_v2,rf_3967_exodus,16,,1,c4e7cfc,meets promotion thresholds and artifact completeness,2026-03-16T11:23:12Z
exp_object_main_v3_compact__flat_iroute__smartcity_v3__rf_3967_exodus_compact__manifest1__seed1__20260317_123606,exp_object_main_v3_compact,flat_iroute,smartcity_v3,rf_3967_exodus_compact,0,1,1,d335cd4,meets promotion thresholds and artifact completeness,2026-03-17T14:28:17Z
exp_object_main_v3_compact__flat_iroute__smartcity_v3__rf_3967_exodus_compact__manifest2__seed1__20260317_124922,exp_object_main_v3_compact,flat_iroute,smartcity_v3,rf_3967_exodus_compact,0,2,1,d335cd4,meets promotion thresholds and artifact completeness,2026-03-17T14:28:17Z
exp_object_main_v3_compact__flat_iroute__smartcity_v3__rf_3967_exodus_compact__manifest3__seed1__20260317_125712,exp_object_main_v3_compact,flat_iroute,smartcity_v3,rf_3967_exodus_compact,0,3,1,d335cd4,meets promotion thresholds and artifact completeness,2026-03-17T14:28:17Z
exp_object_main_v3_compact__inf_tag_forwarding__smartcity_v3__rf_3967_exodus_compact__manifest1__seed1__20260317_130539,exp_object_main_v3_compact,inf_tag_forwarding,smartcity_v3,rf_3967_exodus_compact,0,1,1,d335cd4,meets promotion thresholds and artifact completeness,2026-03-17T14:28:17Z
exp_object_main_v3_compact__inf_tag_forwarding__smartcity_v3__rf_3967_exodus_compact__manifest2__seed1__20260317_131426,exp_object_main_v3_compact,inf_tag_forwarding,smartcity_v3,rf_3967_exodus_compact,0,2,1,d335cd4,meets promotion thresholds and artifact completeness,2026-03-17T14:28:17Z
exp_object_main_v3_compact__inf_tag_forwarding__smartcity_v3__rf_3967_exodus_compact__manifest3__seed1__20260317_132326,exp_object_main_v3_compact,inf_tag_forwarding,smartcity_v3,rf_3967_exodus_compact,0,3,1,d335cd4,meets promotion thresholds and artifact completeness,2026-03-17T14:28:17Z
exp_object_main_v3_compact__hiroute__smartcity_v3__rf_3967_exodus_compact__manifest1__seed1__20260317_133244,exp_object_main_v3_compact,hiroute,smartcity_v3,rf_3967_exodus_compact,0,1,1,d335cd4,meets promotion thresholds and artifact completeness,2026-03-17T14:28:17Z
exp_object_main_v3_compact__hiroute__smartcity_v3__rf_3967_exodus_compact__manifest2__seed1__20260317_134152,exp_object_main_v3_compact,hiroute,smartcity_v3,rf_3967_exodus_compact,0,2,1,d335cd4,meets promotion thresholds and artifact completeness,2026-03-17T14:28:17Z
exp_object_main_v3_compact__hiroute__smartcity_v3__rf_3967_exodus_compact__manifest3__seed1__20260317_135116,exp_object_main_v3_compact,hiroute,smartcity_v3,rf_3967_exodus_compact,0,3,1,d335cd4,meets promotion thresholds and artifact completeness,2026-03-17T14:28:17Z
exp_object_main_v3_compact__central_directory__smartcity_v3__rf_3967_exodus_compact__manifest1__seed1__20260317_140031,exp_object_main_v3_compact,central_directory,smartcity_v3,rf_3967_exodus_compact,0,1,1,d335cd4,meets promotion thresholds and artifact completeness,2026-03-17T14:28:18Z
exp_object_main_v3_compact__central_directory__smartcity_v3__rf_3967_exodus_compact__manifest2__seed1__20260317_140938,exp_object_main_v3_compact,central_directory,smartcity_v3,rf_3967_exodus_compact,0,2,1,d335cd4,meets promotion thresholds and artifact completeness,2026-03-17T14:28:18Z
exp_object_main_v3_compact__central_directory__smartcity_v3__rf_3967_exodus_compact__manifest3__seed1__20260317_141909,exp_object_main_v3_compact,central_directory,smartcity_v3,rf_3967_exodus_compact,0,3,1,d335cd4,meets promotion thresholds and artifact completeness,2026-03-17T14:28:18Z
exp_ablation_v3_compact__predicates_only__smartcity_v3__rf_3967_exodus_compact__manifest1__seed1__20260317_142820,exp_ablation_v3_compact,predicates_only,smartcity_v3,rf_3967_exodus_compact,0,1,1,d335cd4,meets promotion thresholds and artifact completeness,2026-03-17T16:21:05Z
exp_ablation_v3_compact__predicates_only__smartcity_v3__rf_3967_exodus_compact__manifest2__seed1__20260317_143802,exp_ablation_v3_compact,predicates_only,smartcity_v3,rf_3967_exodus_compact,0,2,1,d335cd4,meets promotion thresholds and artifact completeness,2026-03-17T16:21:05Z
exp_ablation_v3_compact__flat_semantic_only__smartcity_v3__rf_3967_exodus_compact__manifest1__seed1__20260317_144533,exp_ablation_v3_compact,flat_semantic_only,smartcity_v3,rf_3967_exodus_compact,0,1,1,d335cd4,meets promotion thresholds and artifact completeness,2026-03-17T16:21:05Z
exp_ablation_v3_compact__flat_semantic_only__smartcity_v3__rf_3967_exodus_compact__manifest2__seed1__20260317_150606,exp_ablation_v3_compact,flat_semantic_only,smartcity_v3,rf_3967_exodus_compact,0,2,1,d335cd4,meets promotion thresholds and artifact completeness,2026-03-17T16:21:05Z
exp_ablation_v3_compact__predicates_plus_flat__smartcity_v3__rf_3967_exodus_compact__manifest1__seed1__20260317_153943,exp_ablation_v3_compact,predicates_plus_flat,smartcity_v3,rf_3967_exodus_compact,0,1,1,d335cd4,meets promotion thresholds and artifact completeness,2026-03-17T16:21:05Z
exp_ablation_v3_compact__predicates_plus_flat__smartcity_v3__rf_3967_exodus_compact__manifest2__seed1__20260317_154630,exp_ablation_v3_compact,predicates_plus_flat,smartcity_v3,rf_3967_exodus_compact,0,2,1,d335cd4,meets promotion thresholds and artifact completeness,2026-03-17T16:21:05Z
exp_ablation_v3_compact__full_hiroute__smartcity_v3__rf_3967_exodus_compact__manifest1__seed1__20260317_155717,exp_ablation_v3_compact,full_hiroute,smartcity_v3,rf_3967_exodus_compact,0,1,1,d335cd4,meets promotion thresholds and artifact completeness,2026-03-17T16:21:05Z
exp_ablation_v3_compact__full_hiroute__smartcity_v3__rf_3967_exodus_compact__manifest2__seed1__20260317_160916,exp_ablation_v3_compact,full_hiroute,smartcity_v3,rf_3967_exodus_compact,0,2,1,d335cd4,meets promotion thresholds and artifact completeness,2026-03-17T16:21:05Z
exp_routing_main_v3_compact__flat_iroute__smartcity_v3__rf_3967_exodus_compact__budget8__manifest5__seed1__20260317_162107,exp_routing_main_v3_compact,flat_iroute,smartcity_v3,rf_3967_exodus_compact,8,5,1,d335cd4,meets promotion thresholds and artifact completeness,2026-03-18T02:26:17Z
exp_routing_main_v3_compact__flat_iroute__smartcity_v3__rf_3967_exodus_compact__budget16__manifest5__seed1__20260317_163248,exp_routing_main_v3_compact,flat_iroute,smartcity_v3,rf_3967_exodus_compact,16,5,1,d335cd4,meets promotion thresholds and artifact completeness,2026-03-18T02:26:17Z
exp_routing_main_v3_compact__flat_iroute__smartcity_v3__rf_3967_exodus_compact__budget32__manifest5__seed1__20260317_164423,exp_routing_main_v3_compact,flat_iroute,smartcity_v3,rf_3967_exodus_compact,32,5,1,d335cd4,meets promotion thresholds and artifact completeness,2026-03-18T02:26:17Z
exp_routing_main_v3_compact__inf_tag_forwarding__smartcity_v3__rf_3967_exodus_compact__budget8__manifest5__seed1__20260317_165608,exp_routing_main_v3_compact,inf_tag_forwarding,smartcity_v3,rf_3967_exodus_compact,8,5,1,d335cd4,meets promotion thresholds and artifact completeness,2026-03-18T02:26:17Z
exp_routing_main_v3_compact__inf_tag_forwarding__smartcity_v3__rf_3967_exodus_compact__budget16__manifest5__seed1__20260317_170803,exp_routing_main_v3_compact,inf_tag_forwarding,smartcity_v3,rf_3967_exodus_compact,16,5,1,d335cd4,meets promotion thresholds and artifact completeness,2026-03-18T02:26:18Z
exp_routing_main_v3_compact__inf_tag_forwarding__smartcity_v3__rf_3967_exodus_compact__budget32__manifest5__seed1__20260317_171945,exp_routing_main_v3_compact,inf_tag_forwarding,smartcity_v3,rf_3967_exodus_compact,32,5,1,d335cd4,meets promotion thresholds and artifact completeness,2026-03-18T02:26:18Z
exp_routing_main_v3_compact__flood__smartcity_v3__rf_3967_exodus_compact__budget16__manifest5__seed1__20260317_173143,exp_routing_main_v3_compact,flood,smartcity_v3,rf_3967_exodus_compact,16,5,1,d335cd4,meets promotion thresholds and artifact completeness,2026-03-18T02:26:18Z
exp_routing_main_v3_compact__hiroute__smartcity_v3__rf_3967_exodus_compact__budget8__manifest5__seed1__20260317_173934,exp_routing_main_v3_compact,hiroute,smartcity_v3,rf_3967_exodus_compact,8,5,1,d335cd4,meets promotion thresholds and artifact completeness,2026-03-18T02:26:18Z
exp_routing_main_v3_compact__hiroute__smartcity_v3__rf_3967_exodus_compact__budget16__manifest5__seed1__20260317_174617,exp_routing_main_v3_compact,hiroute,smartcity_v3,rf_3967_exodus_compact,16,5,1,d335cd4,meets promotion thresholds and artifact completeness,2026-03-18T02:26:18Z
exp_routing_main_v3_compact__hiroute__smartcity_v3__rf_3967_exodus_compact__budget32__manifest5__seed1__20260318_002346,exp_routing_main_v3_compact,hiroute,smartcity_v3,rf_3967_exodus_compact,32,5,1,d335cd4,meets promotion thresholds and artifact completeness,2026-03-18T02:26:18Z
exp_routing_main_v3_compact__central_directory__smartcity_v3__rf_3967_exodus_compact__budget16__manifest5__seed1__20260318_021931,exp_routing_main_v3_compact,central_directory,smartcity_v3,rf_3967_exodus_compact,16,5,1,d335cd4,meets promotion thresholds and artifact completeness,2026-03-18T02:26:18Z
object_main__inf_tag_forwarding__smartcity__rf_3967_exodus_compact__manifest1__seed1__20260416_083650,object_main,inf_tag_forwarding,smartcity,rf_3967_exodus_compact,0,1,1,0c19adb,meets promotion thresholds and artifact completeness,2026-04-17T07:32:03Z
object_main__inf_tag_forwarding__smartcity__rf_3967_exodus_compact__manifest2__seed1__20260416_084816,object_main,inf_tag_forwarding,smartcity,rf_3967_exodus_compact,0,2,1,0c19adb,meets promotion thresholds and artifact completeness,2026-04-17T07:32:03Z
object_main__inf_tag_forwarding__smartcity__rf_3967_exodus_compact__manifest3__seed1__20260416_085500,object_main,inf_tag_forwarding,smartcity,rf_3967_exodus_compact,0,3,1,0c19adb,meets promotion thresholds and artifact completeness,2026-04-17T07:32:03Z
object_main__hiroute__smartcity__rf_3967_exodus_compact__manifest2__seed1__20260416_090857,object_main,hiroute,smartcity,rf_3967_exodus_compact,0,2,1,0c19adb,meets promotion thresholds and artifact completeness,2026-04-17T07:32:03Z
object_main__hiroute__smartcity__rf_3967_exodus_compact__manifest3__seed1__20260416_091543,object_main,hiroute,smartcity,rf_3967_exodus_compact,0,3,1,0c19adb,meets promotion thresholds and artifact completeness,2026-04-17T07:32:03Z
object_main__central_directory__smartcity__rf_3967_exodus_compact__manifest1__seed1__20260416_092228,object_main,central_directory,smartcity,rf_3967_exodus_compact,0,1,1,0c19adb,meets promotion thresholds and artifact completeness,2026-04-17T07:32:03Z
object_main__central_directory__smartcity__rf_3967_exodus_compact__manifest2__seed1__20260416_092915,object_main,central_directory,smartcity,rf_3967_exodus_compact,0,2,1,0c19adb,meets promotion thresholds and artifact completeness,2026-04-17T07:32:03Z
object_main__central_directory__smartcity__rf_3967_exodus_compact__manifest3__seed1__20260416_093601,object_main,central_directory,smartcity,rf_3967_exodus_compact,0,3,1,0c19adb,meets promotion thresholds and artifact completeness,2026-04-17T07:32:03Z
object_main__hiroute__smartcity__rf_3967_exodus_compact__manifest1__seed1__20260416_132916,object_main,hiroute,smartcity,rf_3967_exodus_compact,0,1,1,e4816a7,meets promotion thresholds and artifact completeness,2026-04-17T07:32:03Z
routing_main__predicates_only__smartcity__rf_3967_exodus_compact__budget8__manifest5__seed1__20260416_113501,routing_main,predicates_only,smartcity,rf_3967_exodus_compact,8,5,1,0c19adb,meets promotion thresholds and artifact completeness,2026-04-17T07:32:10Z
routing_main__predicates_only__smartcity__rf_3967_exodus_compact__budget16__manifest5__seed1__20260416_114152,routing_main,predicates_only,smartcity,rf_3967_exodus_compact,16,5,1,0c19adb,meets promotion thresholds and artifact completeness,2026-04-17T07:32:10Z
routing_main__predicates_only__smartcity__rf_3967_exodus_compact__budget32__manifest5__seed1__20260416_114845,routing_main,predicates_only,smartcity,rf_3967_exodus_compact,32,5,1,0c19adb,meets promotion thresholds and artifact completeness,2026-04-17T07:32:10Z
routing_main__random_admissible__smartcity__rf_3967_exodus_compact__budget8__manifest5__seed1__20260416_115541,routing_main,random_admissible,smartcity,rf_3967_exodus_compact,8,5,1,0c19adb,meets promotion thresholds and artifact completeness,2026-04-17T07:32:10Z
routing_main__random_admissible__smartcity__rf_3967_exodus_compact__budget16__manifest5__seed1__20260416_120230,routing_main,random_admissible,smartcity,rf_3967_exodus_compact,16,5,1,0c19adb,meets promotion thresholds and artifact completeness,2026-04-17T07:32:10Z
routing_main__random_admissible__smartcity__rf_3967_exodus_compact__budget32__manifest5__seed1__20260416_120920,routing_main,random_admissible,smartcity,rf_3967_exodus_compact,32,5,1,0c19adb,meets promotion thresholds and artifact completeness,2026-04-17T07:32:10Z
routing_main__inf_tag_forwarding__smartcity__rf_3967_exodus_compact__budget8__manifest5__seed1__20260416_121610,routing_main,inf_tag_forwarding,smartcity,rf_3967_exodus_compact,8,5,1,0c19adb,meets promotion thresholds and artifact completeness,2026-04-17T07:32:10Z
routing_main__inf_tag_forwarding__smartcity__rf_3967_exodus_compact__budget16__manifest5__seed1__20260416_122301,routing_main,inf_tag_forwarding,smartcity,rf_3967_exodus_compact,16,5,1,0c19adb,meets promotion thresholds and artifact completeness,2026-04-17T07:32:10Z
routing_main__inf_tag_forwarding__smartcity__rf_3967_exodus_compact__budget32__manifest5__seed1__20260416_122957,routing_main,inf_tag_forwarding,smartcity,rf_3967_exodus_compact,32,5,1,0c19adb,meets promotion thresholds and artifact completeness,2026-04-17T07:32:10Z
routing_main__flood__smartcity__rf_3967_exodus_compact__budget16__manifest5__seed1__20260416_123646,routing_main,flood,smartcity,rf_3967_exodus_compact,16,5,1,0c19adb,meets promotion thresholds and artifact completeness,2026-04-17T07:32:10Z
routing_main__hiroute__smartcity__rf_3967_exodus_compact__budget8__manifest5__seed1__20260416_124340,routing_main,hiroute,smartcity,rf_3967_exodus_compact,8,5,1,0c19adb,meets promotion thresholds and artifact completeness,2026-04-17T07:32:10Z
routing_main__hiroute__smartcity__rf_3967_exodus_compact__budget16__manifest5__seed1__20260416_125027,routing_main,hiroute,smartcity,rf_3967_exodus_compact,16,5,1,0c19adb,meets promotion thresholds and artifact completeness,2026-04-17T07:32:10Z
routing_main__hiroute__smartcity__rf_3967_exodus_compact__budget32__manifest5__seed1__20260416_125717,routing_main,hiroute,smartcity,rf_3967_exodus_compact,32,5,1,0c19adb,meets promotion thresholds and artifact completeness,2026-04-17T07:32:10Z
routing_main__central_directory__smartcity__rf_3967_exodus_compact__budget16__manifest5__seed1__20260416_130408,routing_main,central_directory,smartcity,rf_3967_exodus_compact,16,5,1,0c19adb,meets promotion thresholds and artifact completeness,2026-04-17T07:32:10Z
robustness__central_directory__smartcity__rf_3967_exodus_compact__controller_down__budget16__manifest5__seed1__20260417_071719,robustness,central_directory,smartcity,rf_3967_exodus_compact,16,5,1,35262c1,meets promotion thresholds and artifact completeness,2026-04-17T07:32:17Z
robustness__hiroute__smartcity__rf_3967_exodus_compact__controller_down__budget16__manifest5__seed1__20260417_071719,robustness,hiroute,smartcity,rf_3967_exodus_compact,16,5,1,35262c1,meets promotion thresholds and artifact completeness,2026-04-17T07:32:17Z
robustness__central_directory__smartcity__rf_3967_exodus_compact__stale_summaries__budget16__manifest5__seed1__20260417_071719,robustness,central_directory,smartcity,rf_3967_exodus_compact,16,5,1,35262c1,meets promotion thresholds and artifact completeness,2026-04-17T07:32:17Z
robustness__hiroute__smartcity__rf_3967_exodus_compact__stale_summaries__budget16__manifest5__seed1__20260417_071719,robustness,hiroute,smartcity,rf_3967_exodus_compact,16,5,1,35262c1,meets promotion thresholds and artifact completeness,2026-04-17T07:32:17Z
ablation__predicates_plus_flat__smartcity__rf_3967_exodus_compact__manifest2__seed1__20260416_110017,ablation,predicates_plus_flat,smartcity,rf_3967_exodus_compact,0,2,1,0c19adb,meets promotion thresholds and artifact completeness,2026-04-17T17:20:17Z
ablation__predicates_plus_flat__smartcity__rf_3967_exodus_compact__manifest3__seed1__20260416_110710,ablation,predicates_plus_flat,smartcity,rf_3967_exodus_compact,0,3,1,0c19adb,meets promotion thresholds and artifact completeness,2026-04-17T17:20:17Z
ablation__full_hiroute__smartcity__rf_3967_exodus_compact__manifest2__seed1__20260416_112114,ablation,full_hiroute,smartcity,rf_3967_exodus_compact,0,2,1,0c19adb,meets promotion thresholds and artifact completeness,2026-04-17T17:20:17Z
ablation__full_hiroute__smartcity__rf_3967_exodus_compact__manifest3__seed1__20260416_112810,ablation,full_hiroute,smartcity,rf_3967_exodus_compact,0,3,1,0c19adb,meets promotion thresholds and artifact completeness,2026-04-17T17:20:17Z
ablation__predicates_only__smartcity__rf_3967_exodus_compact__manifest2__seed1__20260417_150753,ablation,predicates_only,smartcity,rf_3967_exodus_compact,0,2,1,fa56274,meets promotion thresholds and artifact completeness,2026-04-17T17:20:17Z
ablation__predicates_only__smartcity__rf_3967_exodus_compact__manifest1__seed2__20260417_150753,ablation,predicates_only,smartcity,rf_3967_exodus_compact,0,1,2,fa56274,meets promotion thresholds and artifact completeness,2026-04-17T17:20:17Z
ablation__predicates_only__smartcity__rf_3967_exodus_compact__manifest2__seed3__20260417_150753,ablation,predicates_only,smartcity,rf_3967_exodus_compact,0,2,3,fa56274,meets promotion thresholds and artifact completeness,2026-04-17T17:20:17Z
ablation__predicates_only__smartcity__rf_3967_exodus_compact__manifest1__seed3__20260417_150753,ablation,predicates_only,smartcity,rf_3967_exodus_compact,0,1,3,fa56274,meets promotion thresholds and artifact completeness,2026-04-17T17:20:17Z
ablation__predicates_only__smartcity__rf_3967_exodus_compact__manifest2__seed2__20260417_150753,ablation,predicates_only,smartcity,rf_3967_exodus_compact,0,2,2,fa56274,meets promotion thresholds and artifact completeness,2026-04-17T17:20:17Z
ablation__predicates_only__smartcity__rf_3967_exodus_compact__manifest3__seed1__20260417_152257,ablation,predicates_only,smartcity,rf_3967_exodus_compact,0,3,1,fa56274,meets promotion thresholds and artifact completeness,2026-04-17T17:20:17Z
ablation__predicates_only__smartcity__rf_3967_exodus_compact__manifest3__seed3__20260417_152300,ablation,predicates_only,smartcity,rf_3967_exodus_compact,0,3,3,fa56274,meets promotion thresholds and artifact completeness,2026-04-17T17:20:17Z
ablation__flat_semantic_only__smartcity__rf_3967_exodus_compact__manifest1__seed2__20260417_152304,ablation,flat_semantic_only,smartcity,rf_3967_exodus_compact,0,1,2,fa56274,meets promotion thresholds and artifact completeness,2026-04-17T17:20:17Z
ablation__predicates_only__smartcity__rf_3967_exodus_compact__manifest3__seed2__20260417_152258,ablation,predicates_only,smartcity,rf_3967_exodus_compact,0,3,2,fa56274,meets promotion thresholds and artifact completeness,2026-04-17T17:20:17Z
ablation__flat_semantic_only__smartcity__rf_3967_exodus_compact__manifest1__seed3__20260417_152307,ablation,flat_semantic_only,smartcity,rf_3967_exodus_compact,0,1,3,fa56274,meets promotion thresholds and artifact completeness,2026-04-17T17:20:17Z
ablation__flat_semantic_only__smartcity__rf_3967_exodus_compact__manifest2__seed1__20260417_153852,ablation,flat_semantic_only,smartcity,rf_3967_exodus_compact,0,2,1,fa56274,meets promotion thresholds and artifact completeness,2026-04-17T17:20:17Z
ablation__flat_semantic_only__smartcity__rf_3967_exodus_compact__manifest3__seed1__20260417_153903,ablation,flat_semantic_only,smartcity,rf_3967_exodus_compact,0,3,1,fa56274,meets promotion thresholds and artifact completeness,2026-04-17T17:20:17Z
ablation__flat_semantic_only__smartcity__rf_3967_exodus_compact__manifest2__seed2__20260417_153854,ablation,flat_semantic_only,smartcity,rf_3967_exodus_compact,0,2,2,fa56274,meets promotion thresholds and artifact completeness,2026-04-17T17:20:17Z
ablation__flat_semantic_only__smartcity__rf_3967_exodus_compact__manifest2__seed3__20260417_153855,ablation,flat_semantic_only,smartcity,rf_3967_exodus_compact,0,2,3,fa56274,meets promotion thresholds and artifact completeness,2026-04-17T17:20:17Z
ablation__flat_semantic_only__smartcity__rf_3967_exodus_compact__manifest3__seed2__20260417_153904,ablation,flat_semantic_only,smartcity,rf_3967_exodus_compact,0,3,2,fa56274,meets promotion thresholds and artifact completeness,2026-04-17T17:20:17Z
ablation__flat_semantic_only__smartcity__rf_3967_exodus_compact__manifest3__seed3__20260417_153907,ablation,flat_semantic_only,smartcity,rf_3967_exodus_compact,0,3,3,fa56274,meets promotion thresholds and artifact completeness,2026-04-17T17:20:17Z
ablation__predicates_plus_flat__smartcity__rf_3967_exodus_compact__manifest2__seed3__20260417_162428,ablation,predicates_plus_flat,smartcity,rf_3967_exodus_compact,0,2,3,98e2a0f,meets promotion thresholds and artifact completeness,2026-04-17T17:20:17Z
ablation__predicates_plus_flat__smartcity__rf_3967_exodus_compact__manifest1__seed3__20260417_162428,ablation,predicates_plus_flat,smartcity,rf_3967_exodus_compact,0,1,3,98e2a0f,meets promotion thresholds and artifact completeness,2026-04-17T17:20:17Z
ablation__predicates_plus_flat__smartcity__rf_3967_exodus_compact__manifest3__seed3__20260417_162428,ablation,predicates_plus_flat,smartcity,rf_3967_exodus_compact,0,3,3,98e2a0f,meets promotion thresholds and artifact completeness,2026-04-17T17:20:17Z
ablation__predicates_plus_flat__smartcity__rf_3967_exodus_compact__manifest1__seed2__20260417_162428,ablation,predicates_plus_flat,smartcity,rf_3967_exodus_compact,0,1,2,98e2a0f,meets promotion thresholds and artifact completeness,2026-04-17T17:20:17Z
ablation__predicates_plus_flat__smartcity__rf_3967_exodus_compact__manifest3__seed2__20260417_162428,ablation,predicates_plus_flat,smartcity,rf_3967_exodus_compact,0,3,2,98e2a0f,meets promotion thresholds and artifact completeness,2026-04-17T17:20:17Z
ablation__predicates_plus_flat__smartcity__rf_3967_exodus_compact__manifest2__seed2__20260417_162428,ablation,predicates_plus_flat,smartcity,rf_3967_exodus_compact,0,2,2,98e2a0f,meets promotion thresholds and artifact completeness,2026-04-17T17:20:17Z
ablation__full_hiroute__smartcity__rf_3967_exodus_compact__manifest1__seed2__20260417_164214,ablation,full_hiroute,smartcity,rf_3967_exodus_compact,0,1,2,98e2a0f,meets promotion thresholds and artifact completeness,2026-04-17T17:20:17Z
ablation__full_hiroute__smartcity__rf_3967_exodus_compact__manifest1__seed3__20260417_164220,ablation,full_hiroute,smartcity,rf_3967_exodus_compact,0,1,3,98e2a0f,meets promotion thresholds and artifact completeness,2026-04-17T17:20:17Z
ablation__full_hiroute__smartcity__rf_3967_exodus_compact__manifest3__seed2__20260417_164228,ablation,full_hiroute,smartcity,rf_3967_exodus_compact,0,3,2,98e2a0f,meets promotion thresholds and artifact completeness,2026-04-17T17:20:18Z
ablation__full_hiroute__smartcity__rf_3967_exodus_compact__manifest2__seed2__20260417_164226,ablation,full_hiroute,smartcity,rf_3967_exodus_compact,0,2,2,98e2a0f,meets promotion thresholds and artifact completeness,2026-04-17T17:20:18Z
ablation__full_hiroute__smartcity__rf_3967_exodus_compact__manifest3__seed3__20260417_164229,ablation,full_hiroute,smartcity,rf_3967_exodus_compact,0,3,3,98e2a0f,meets promotion thresholds and artifact completeness,2026-04-17T17:20:18Z
ablation__full_hiroute__smartcity__rf_3967_exodus_compact__manifest2__seed3__20260417_164227,ablation,full_hiroute,smartcity,rf_3967_exodus_compact,0,2,3,98e2a0f,meets promotion thresholds and artifact completeness,2026-04-17T17:20:18Z
ablation__full_hiroute__smartcity__rf_3967_exodus_compact__manifest1__seed1__20260417_170315,ablation,full_hiroute,smartcity,rf_3967_exodus_compact,0,1,1,98e2a0f,meets promotion thresholds and artifact completeness,2026-04-17T17:20:18Z
ablation__predicates_plus_flat__smartcity__rf_3967_exodus_compact__manifest1__seed1__20260417_170315,ablation,predicates_plus_flat,smartcity,rf_3967_exodus_compact,0,1,1,98e2a0f,meets promotion thresholds and artifact completeness,2026-04-17T17:20:18Z
ablation__flat_semantic_only__smartcity__rf_3967_exodus_compact__manifest1__seed1__20260417_170315,ablation,flat_semantic_only,smartcity,rf_3967_exodus_compact,0,1,1,98e2a0f,meets promotion thresholds and artifact completeness,2026-04-17T17:20:18Z
ablation__predicates_only__smartcity__rf_3967_exodus_compact__manifest1__seed1__20260417_170315,ablation,predicates_only,smartcity,rf_3967_exodus_compact,0,1,1,98e2a0f,meets promotion thresholds and artifact completeness,2026-04-17T17:20:18Z
state_scaling__hiroute__smartcity__rf_1239_sprint__budget16__manifest3__seed1__20260417_172102,state_scaling,hiroute,smartcity,rf_1239_sprint,16,3,1,0576ef6,meets promotion thresholds and artifact completeness,2026-04-17T17:22:04Z
state_scaling__inf_tag_forwarding__smartcity__rf_1239_sprint__budget16__manifest3__seed1__20260417_172102,state_scaling,inf_tag_forwarding,smartcity,rf_1239_sprint,16,3,1,0576ef6,meets promotion thresholds and artifact completeness,2026-04-17T17:22:04Z
