run_id,experiment_id,scheme,dataset_id,topology_id,seed,git_commit,start_time,end_time,duration_sec,status,run_dir
exp_main_v1__exact__smartcity_v1__seed1__20260312_122120,exp_main_v1,exact,smartcity_v1,as3967_medium,1,ef80809,2026-03-12T12:21:20Z,2026-03-12T12:21:20Z,0.026,completed,runs/completed/exp_main_v1__exact__smartcity_v1__seed1__20260312_122120
exp_main_v1__exact__smartcity_v1__seed2__20260312_122120,exp_main_v1,exact,smartcity_v1,as3967_medium,2,ef80809,2026-03-12T12:21:21Z,2026-03-12T12:21:21Z,0.008,completed,runs/completed/exp_main_v1__exact__smartcity_v1__seed2__20260312_122120
exp_main_v1__exact__smartcity_v1__seed3__20260312_122121,exp_main_v1,exact,smartcity_v1,as3967_medium,3,ef80809,2026-03-12T12:21:21Z,2026-03-12T12:21:21Z,0.009,completed,runs/completed/exp_main_v1__exact__smartcity_v1__seed3__20260312_122121
exp_main_v1__exact__smartcity_v1__seed4__20260312_122121,exp_main_v1,exact,smartcity_v1,as3967_medium,4,ef80809,2026-03-12T12:21:21Z,2026-03-12T12:21:21Z,0.008,completed,runs/completed/exp_main_v1__exact__smartcity_v1__seed4__20260312_122121
exp_main_v1__exact__smartcity_v1__seed5__20260312_122121,exp_main_v1,exact,smartcity_v1,as3967_medium,5,ef80809,2026-03-12T12:21:21Z,2026-03-12T12:21:21Z,0.008,completed,runs/completed/exp_main_v1__exact__smartcity_v1__seed5__20260312_122121
exp_main_v1__flood__smartcity_v1__seed1__20260312_122121,exp_main_v1,flood,smartcity_v1,as3967_medium,1,ef80809,2026-03-12T12:21:21Z,2026-03-12T12:21:21Z,0.009,completed,runs/completed/exp_main_v1__flood__smartcity_v1__seed1__20260312_122121
exp_main_v1__flood__smartcity_v1__seed2__20260312_122121,exp_main_v1,flood,smartcity_v1,as3967_medium,2,ef80809,2026-03-12T12:21:21Z,2026-03-12T12:21:21Z,0.009,completed,runs/completed/exp_main_v1__flood__smartcity_v1__seed2__20260312_122121
exp_main_v1__flood__smartcity_v1__seed3__20260312_122122,exp_main_v1,flood,smartcity_v1,as3967_medium,3,ef80809,2026-03-12T12:21:22Z,2026-03-12T12:21:22Z,0.009,completed,runs/completed/exp_main_v1__flood__smartcity_v1__seed3__20260312_122122
exp_main_v1__flood__smartcity_v1__seed4__20260312_122122,exp_main_v1,flood,smartcity_v1,as3967_medium,4,ef80809,2026-03-12T12:21:22Z,2026-03-12T12:21:22Z,0.009,completed,runs/completed/exp_main_v1__flood__smartcity_v1__seed4__20260312_122122
exp_main_v1__flood__smartcity_v1__seed5__20260312_122122,exp_main_v1,flood,smartcity_v1,as3967_medium,5,ef80809,2026-03-12T12:21:22Z,2026-03-12T12:21:22Z,0.009,completed,runs/completed/exp_main_v1__flood__smartcity_v1__seed5__20260312_122122
exp_main_v1__flat_iroute__smartcity_v1__seed1__20260312_122122,exp_main_v1,flat_iroute,smartcity_v1,as3967_medium,1,ef80809,2026-03-12T12:21:22Z,2026-03-12T12:21:22Z,0.008,completed,runs/completed/exp_main_v1__flat_iroute__smartcity_v1__seed1__20260312_122122
exp_main_v1__flat_iroute__smartcity_v1__seed2__20260312_122122,exp_main_v1,flat_iroute,smartcity_v1,as3967_medium,2,ef80809,2026-03-12T12:21:22Z,2026-03-12T12:21:22Z,0.01,completed,runs/completed/exp_main_v1__flat_iroute__smartcity_v1__seed2__20260312_122122
exp_main_v1__flat_iroute__smartcity_v1__seed3__20260312_122123,exp_main_v1,flat_iroute,smartcity_v1,as3967_medium,3,ef80809,2026-03-12T12:21:23Z,2026-03-12T12:21:23Z,0.01,completed,runs/completed/exp_main_v1__flat_iroute__smartcity_v1__seed3__20260312_122123
exp_main_v1__flat_iroute__smartcity_v1__seed4__20260312_122123,exp_main_v1,flat_iroute,smartcity_v1,as3967_medium,4,ef80809,2026-03-12T12:21:23Z,2026-03-12T12:21:23Z,0.009,completed,runs/completed/exp_main_v1__flat_iroute__smartcity_v1__seed4__20260312_122123
exp_main_v1__flat_iroute__smartcity_v1__seed5__20260312_122123,exp_main_v1,flat_iroute,smartcity_v1,as3967_medium,5,ef80809,2026-03-12T12:21:23Z,2026-03-12T12:21:23Z,0.008,completed,runs/completed/exp_main_v1__flat_iroute__smartcity_v1__seed5__20260312_122123
exp_main_v1__oracle__smartcity_v1__seed1__20260312_122123,exp_main_v1,oracle,smartcity_v1,as3967_medium,1,ef80809,2026-03-12T12:21:23Z,2026-03-12T12:21:23Z,0.007,completed,runs/completed/exp_main_v1__oracle__smartcity_v1__seed1__20260312_122123
exp_main_v1__oracle__smartcity_v1__seed2__20260312_122123,exp_main_v1,oracle,smartcity_v1,as3967_medium,2,ef80809,2026-03-12T12:21:23Z,2026-03-12T12:21:23Z,0.008,completed,runs/completed/exp_main_v1__oracle__smartcity_v1__seed2__20260312_122123
exp_main_v1__oracle__smartcity_v1__seed3__20260312_122124,exp_main_v1,oracle,smartcity_v1,as3967_medium,3,ef80809,2026-03-12T12:21:24Z,2026-03-12T12:21:24Z,0.007,completed,runs/completed/exp_main_v1__oracle__smartcity_v1__seed3__20260312_122124
exp_main_v1__oracle__smartcity_v1__seed4__20260312_122124,exp_main_v1,oracle,smartcity_v1,as3967_medium,4,ef80809,2026-03-12T12:21:24Z,2026-03-12T12:21:24Z,0.007,completed,runs/completed/exp_main_v1__oracle__smartcity_v1__seed4__20260312_122124
exp_main_v1__oracle__smartcity_v1__seed5__20260312_122124,exp_main_v1,oracle,smartcity_v1,as3967_medium,5,ef80809,2026-03-12T12:21:24Z,2026-03-12T12:21:24Z,0.008,completed,runs/completed/exp_main_v1__oracle__smartcity_v1__seed5__20260312_122124
exp_main_v1__hiroute__smartcity_v1__seed1__20260312_122124,exp_main_v1,hiroute,smartcity_v1,as3967_medium,1,ef80809,2026-03-12T12:21:24Z,2026-03-12T12:21:24Z,0.01,completed,runs/completed/exp_main_v1__hiroute__smartcity_v1__seed1__20260312_122124
exp_main_v1__hiroute__smartcity_v1__seed2__20260312_122124,exp_main_v1,hiroute,smartcity_v1,as3967_medium,2,ef80809,2026-03-12T12:21:24Z,2026-03-12T12:21:24Z,0.007,completed,runs/completed/exp_main_v1__hiroute__smartcity_v1__seed2__20260312_122124
exp_main_v1__hiroute__smartcity_v1__seed3__20260312_122124,exp_main_v1,hiroute,smartcity_v1,as3967_medium,3,ef80809,2026-03-12T12:21:24Z,2026-03-12T12:21:25Z,0.008,completed,runs/completed/exp_main_v1__hiroute__smartcity_v1__seed3__20260312_122124
exp_main_v1__hiroute__smartcity_v1__seed4__20260312_122125,exp_main_v1,hiroute,smartcity_v1,as3967_medium,4,ef80809,2026-03-12T12:21:25Z,2026-03-12T12:21:25Z,0.007,completed,runs/completed/exp_main_v1__hiroute__smartcity_v1__seed4__20260312_122125
exp_main_v1__hiroute__smartcity_v1__seed5__20260312_122125,exp_main_v1,hiroute,smartcity_v1,as3967_medium,5,ef80809,2026-03-12T12:21:25Z,2026-03-12T12:21:25Z,0.007,completed,runs/completed/exp_main_v1__hiroute__smartcity_v1__seed5__20260312_122125
exp_main_v1__exact__smartcity_v1__rf_3967_exodus__seed1__20260312_170428,exp_main_v1,exact,smartcity_v1,rf_3967_exodus,1,3018ab5,2026-03-12T17:04:28Z,2026-03-12T17:05:26Z,57.439,completed,runs/completed/exp_main_v1__exact__smartcity_v1__rf_3967_exodus__seed1__20260312_170428
exp_main_v1__oracle__smartcity_v1__rf_3967_exodus__seed1__20260312_170428,exp_main_v1,oracle,smartcity_v1,rf_3967_exodus,1,3018ab5,2026-03-12T17:04:28Z,2026-03-12T17:05:26Z,57.393,completed,runs/completed/exp_main_v1__oracle__smartcity_v1__rf_3967_exodus__seed1__20260312_170428
exp_main_v1__hiroute__smartcity_v1__rf_3967_exodus__seed1__20260312_170428,exp_main_v1,hiroute,smartcity_v1,rf_3967_exodus,1,3018ab5,2026-03-12T17:04:28Z,2026-03-12T17:05:26Z,57.508,completed,runs/completed/exp_main_v1__hiroute__smartcity_v1__rf_3967_exodus__seed1__20260312_170428
exp_main_v1__flood__smartcity_v1__rf_3967_exodus__seed1__20260312_170428,exp_main_v1,flood,smartcity_v1,rf_3967_exodus,1,3018ab5,2026-03-12T17:04:28Z,2026-03-12T17:05:26Z,57.895,completed,runs/completed/exp_main_v1__flood__smartcity_v1__rf_3967_exodus__seed1__20260312_170428
exp_main_v1__flat_iroute__smartcity_v1__rf_3967_exodus__seed1__20260312_170428,exp_main_v1,flat_iroute,smartcity_v1,rf_3967_exodus,1,3018ab5,2026-03-12T17:04:28Z,2026-03-12T17:05:26Z,57.935,completed,runs/completed/exp_main_v1__flat_iroute__smartcity_v1__rf_3967_exodus__seed1__20260312_170428
exp_main_v1__exact__smartcity_v1__rf_3967_exodus__seed2__20260312_170615,exp_main_v1,exact,smartcity_v1,rf_3967_exodus,2,3018ab5,2026-03-12T17:06:15Z,2026-03-12T17:07:14Z,59.412,completed,runs/completed/exp_main_v1__exact__smartcity_v1__rf_3967_exodus__seed2__20260312_170615
exp_main_v1__flat_iroute__smartcity_v1__rf_3967_exodus__seed2__20260312_170615,exp_main_v1,flat_iroute,smartcity_v1,rf_3967_exodus,2,3018ab5,2026-03-12T17:06:15Z,2026-03-12T17:07:15Z,59.798,completed,runs/completed/exp_main_v1__flat_iroute__smartcity_v1__rf_3967_exodus__seed2__20260312_170615
exp_main_v1__flood__smartcity_v1__rf_3967_exodus__seed2__20260312_170615,exp_main_v1,flood,smartcity_v1,rf_3967_exodus,2,3018ab5,2026-03-12T17:06:15Z,2026-03-12T17:07:15Z,60.015,completed,runs/completed/exp_main_v1__flood__smartcity_v1__rf_3967_exodus__seed2__20260312_170615
exp_main_v1__oracle__smartcity_v1__rf_3967_exodus__seed2__20260312_170615,exp_main_v1,oracle,smartcity_v1,rf_3967_exodus,2,3018ab5,2026-03-12T17:06:15Z,2026-03-12T17:07:15Z,59.995,completed,runs/completed/exp_main_v1__oracle__smartcity_v1__rf_3967_exodus__seed2__20260312_170615
exp_main_v1__hiroute__smartcity_v1__rf_3967_exodus__seed2__20260312_170615,exp_main_v1,hiroute,smartcity_v1,rf_3967_exodus,2,3018ab5,2026-03-12T17:06:15Z,2026-03-12T17:07:15Z,60.092,completed,runs/completed/exp_main_v1__hiroute__smartcity_v1__rf_3967_exodus__seed2__20260312_170615
exp_main_v1__exact__smartcity_v1__rf_3967_exodus__seed3__20260312_170733,exp_main_v1,exact,smartcity_v1,rf_3967_exodus,3,3018ab5,2026-03-12T17:07:33Z,2026-03-12T17:08:33Z,59.938,completed,runs/completed/exp_main_v1__exact__smartcity_v1__rf_3967_exodus__seed3__20260312_170733
exp_main_v1__hiroute__smartcity_v1__rf_3967_exodus__seed3__20260312_170733,exp_main_v1,hiroute,smartcity_v1,rf_3967_exodus,3,3018ab5,2026-03-12T17:07:33Z,2026-03-12T17:08:34Z,60.106,completed,runs/completed/exp_main_v1__hiroute__smartcity_v1__rf_3967_exodus__seed3__20260312_170733
exp_main_v1__oracle__smartcity_v1__rf_3967_exodus__seed3__20260312_170733,exp_main_v1,oracle,smartcity_v1,rf_3967_exodus,3,3018ab5,2026-03-12T17:07:33Z,2026-03-12T17:08:34Z,60.292,completed,runs/completed/exp_main_v1__oracle__smartcity_v1__rf_3967_exodus__seed3__20260312_170733
exp_main_v1__flood__smartcity_v1__rf_3967_exodus__seed3__20260312_170733,exp_main_v1,flood,smartcity_v1,rf_3967_exodus,3,3018ab5,2026-03-12T17:07:33Z,2026-03-12T17:08:34Z,60.366,completed,runs/completed/exp_main_v1__flood__smartcity_v1__rf_3967_exodus__seed3__20260312_170733
exp_main_v1__flat_iroute__smartcity_v1__rf_3967_exodus__seed3__20260312_170733,exp_main_v1,flat_iroute,smartcity_v1,rf_3967_exodus,3,3018ab5,2026-03-12T17:07:33Z,2026-03-12T17:08:34Z,60.474,completed,runs/completed/exp_main_v1__flat_iroute__smartcity_v1__rf_3967_exodus__seed3__20260312_170733
exp_main_v1__exact__smartcity_v1__rf_3967_exodus__seed4__20260312_170852,exp_main_v1,exact,smartcity_v1,rf_3967_exodus,4,3018ab5,2026-03-12T17:08:52Z,2026-03-12T17:11:49Z,176.103,completed,runs/completed/exp_main_v1__exact__smartcity_v1__rf_3967_exodus__seed4__20260312_170852
exp_main_v1__flat_iroute__smartcity_v1__rf_3967_exodus__seed4__20260312_170852,exp_main_v1,flat_iroute,smartcity_v1,rf_3967_exodus,4,3018ab5,2026-03-12T17:08:52Z,2026-03-12T17:11:51Z,178.819,completed,runs/completed/exp_main_v1__flat_iroute__smartcity_v1__rf_3967_exodus__seed4__20260312_170852
exp_main_v1__oracle__smartcity_v1__rf_3967_exodus__seed4__20260312_170852,exp_main_v1,oracle,smartcity_v1,rf_3967_exodus,4,3018ab5,2026-03-12T17:08:52Z,2026-03-12T17:11:51Z,178.906,completed,runs/completed/exp_main_v1__oracle__smartcity_v1__rf_3967_exodus__seed4__20260312_170852
exp_main_v1__hiroute__smartcity_v1__rf_3967_exodus__seed4__20260312_170852,exp_main_v1,hiroute,smartcity_v1,rf_3967_exodus,4,3018ab5,2026-03-12T17:08:52Z,2026-03-12T17:11:52Z,179.451,completed,runs/completed/exp_main_v1__hiroute__smartcity_v1__rf_3967_exodus__seed4__20260312_170852
exp_main_v1__flood__smartcity_v1__rf_3967_exodus__seed4__20260312_170852,exp_main_v1,flood,smartcity_v1,rf_3967_exodus,4,3018ab5,2026-03-12T17:08:52Z,2026-03-12T17:11:52Z,179.582,completed,runs/completed/exp_main_v1__flood__smartcity_v1__rf_3967_exodus__seed4__20260312_170852
exp_main_v1__exact__smartcity_v1__rf_3967_exodus__seed5__20260312_171352,exp_main_v1,exact,smartcity_v1,rf_3967_exodus,5,3018ab5,2026-03-12T17:13:52Z,2026-03-12T17:15:05Z,72.621,completed,runs/completed/exp_main_v1__exact__smartcity_v1__rf_3967_exodus__seed5__20260312_171352
exp_main_v1__flood__smartcity_v1__rf_3967_exodus__seed5__20260312_171352,exp_main_v1,flood,smartcity_v1,rf_3967_exodus,5,3018ab5,2026-03-12T17:13:52Z,2026-03-12T17:15:05Z,72.689,completed,runs/completed/exp_main_v1__flood__smartcity_v1__rf_3967_exodus__seed5__20260312_171352
exp_main_v1__oracle__smartcity_v1__rf_3967_exodus__seed5__20260312_171352,exp_main_v1,oracle,smartcity_v1,rf_3967_exodus,5,3018ab5,2026-03-12T17:13:52Z,2026-03-12T17:15:05Z,72.696,completed,runs/completed/exp_main_v1__oracle__smartcity_v1__rf_3967_exodus__seed5__20260312_171352
exp_main_v1__flat_iroute__smartcity_v1__rf_3967_exodus__seed5__20260312_171352,exp_main_v1,flat_iroute,smartcity_v1,rf_3967_exodus,5,3018ab5,2026-03-12T17:13:52Z,2026-03-12T17:15:05Z,72.825,completed,runs/completed/exp_main_v1__flat_iroute__smartcity_v1__rf_3967_exodus__seed5__20260312_171352
exp_main_v1__hiroute__smartcity_v1__rf_3967_exodus__seed5__20260312_171352,exp_main_v1,hiroute,smartcity_v1,rf_3967_exodus,5,3018ab5,2026-03-12T17:13:52Z,2026-03-12T17:15:05Z,73.09,completed,runs/completed/exp_main_v1__hiroute__smartcity_v1__rf_3967_exodus__seed5__20260312_171352
exp_scaling_v1__oracle__smartcity_v1__rf_3967_exodus__seed1__20260312_172533,exp_scaling_v1,oracle,smartcity_v1,rf_3967_exodus,1,38b8a49,2026-03-12T17:25:33Z,2026-03-12T17:26:36Z,63.43,completed,runs/completed/exp_scaling_v1__oracle__smartcity_v1__rf_3967_exodus__seed1__20260312_172533
exp_scaling_v1__flat_iroute__smartcity_v1__rf_3967_exodus__seed1__20260312_172533,exp_scaling_v1,flat_iroute,smartcity_v1,rf_3967_exodus,1,38b8a49,2026-03-12T17:25:33Z,2026-03-12T17:26:37Z,63.629,completed,runs/completed/exp_scaling_v1__flat_iroute__smartcity_v1__rf_3967_exodus__seed1__20260312_172533
exp_scaling_v1__hiroute__smartcity_v1__rf_3967_exodus__seed1__20260312_172533,exp_scaling_v1,hiroute,smartcity_v1,rf_3967_exodus,1,38b8a49,2026-03-12T17:25:33Z,2026-03-12T17:26:37Z,64.04,completed,runs/completed/exp_scaling_v1__hiroute__smartcity_v1__rf_3967_exodus__seed1__20260312_172533
exp_scaling_v1__oracle__smartcity_v1__rf_1239_sprint__seed1__20260312_172533,exp_scaling_v1,oracle,smartcity_v1,rf_1239_sprint,1,38b8a49,2026-03-12T17:25:33Z,2026-03-12T17:29:13Z,219.919,completed,runs/completed/exp_scaling_v1__oracle__smartcity_v1__rf_1239_sprint__seed1__20260312_172533
exp_scaling_v1__flat_iroute__smartcity_v1__rf_1239_sprint__seed1__20260312_172533,exp_scaling_v1,flat_iroute,smartcity_v1,rf_1239_sprint,1,38b8a49,2026-03-12T17:25:33Z,2026-03-12T17:29:13Z,220.416,completed,runs/completed/exp_scaling_v1__flat_iroute__smartcity_v1__rf_1239_sprint__seed1__20260312_172533
exp_scaling_v1__hiroute__smartcity_v1__rf_1239_sprint__seed1__20260312_172533,exp_scaling_v1,hiroute,smartcity_v1,rf_1239_sprint,1,38b8a49,2026-03-12T17:25:33Z,2026-03-12T17:29:14Z,220.916,completed,runs/completed/exp_scaling_v1__hiroute__smartcity_v1__rf_1239_sprint__seed1__20260312_172533
exp_scaling_v1__flat_iroute__smartcity_v1__rf_3967_exodus__seed2__20260312_172950,exp_scaling_v1,flat_iroute,smartcity_v1,rf_3967_exodus,2,d013fb3,2026-03-12T17:29:50Z,2026-03-12T17:30:53Z,63.324,completed,runs/completed/exp_scaling_v1__flat_iroute__smartcity_v1__rf_3967_exodus__seed2__20260312_172950
exp_scaling_v1__hiroute__smartcity_v1__rf_3967_exodus__seed2__20260312_172950,exp_scaling_v1,hiroute,smartcity_v1,rf_3967_exodus,2,d013fb3,2026-03-12T17:29:50Z,2026-03-12T17:30:53Z,63.528,completed,runs/completed/exp_scaling_v1__hiroute__smartcity_v1__rf_3967_exodus__seed2__20260312_172950
exp_scaling_v1__oracle__smartcity_v1__rf_3967_exodus__seed2__20260312_172950,exp_scaling_v1,oracle,smartcity_v1,rf_3967_exodus,2,d013fb3,2026-03-12T17:29:50Z,2026-03-12T17:30:54Z,64.089,completed,runs/completed/exp_scaling_v1__oracle__smartcity_v1__rf_3967_exodus__seed2__20260312_172950
exp_scaling_v1__oracle__smartcity_v1__rf_1239_sprint__seed2__20260312_172950,exp_scaling_v1,oracle,smartcity_v1,rf_1239_sprint,2,d013fb3,2026-03-12T17:29:50Z,2026-03-12T17:33:53Z,242.89,completed,runs/completed/exp_scaling_v1__oracle__smartcity_v1__rf_1239_sprint__seed2__20260312_172950
exp_scaling_v1__flat_iroute__smartcity_v1__rf_1239_sprint__seed2__20260312_172950,exp_scaling_v1,flat_iroute,smartcity_v1,rf_1239_sprint,2,d013fb3,2026-03-12T17:29:50Z,2026-03-12T17:33:54Z,244.457,completed,runs/completed/exp_scaling_v1__flat_iroute__smartcity_v1__rf_1239_sprint__seed2__20260312_172950
exp_scaling_v1__hiroute__smartcity_v1__rf_1239_sprint__seed2__20260312_172950,exp_scaling_v1,hiroute,smartcity_v1,rf_1239_sprint,2,d013fb3,2026-03-12T17:29:50Z,2026-03-12T17:33:54Z,244.575,completed,runs/completed/exp_scaling_v1__hiroute__smartcity_v1__rf_1239_sprint__seed2__20260312_172950
exp_scaling_v1__oracle__smartcity_v1__rf_3967_exodus__seed3__20260312_173427,exp_scaling_v1,oracle,smartcity_v1,rf_3967_exodus,3,a3404f2,2026-03-12T17:34:27Z,2026-03-12T17:35:42Z,75.096,completed,runs/completed/exp_scaling_v1__oracle__smartcity_v1__rf_3967_exodus__seed3__20260312_173427
exp_scaling_v1__hiroute__smartcity_v1__rf_3967_exodus__seed3__20260312_173427,exp_scaling_v1,hiroute,smartcity_v1,rf_3967_exodus,3,a3404f2,2026-03-12T17:34:27Z,2026-03-12T17:35:42Z,75.268,completed,runs/completed/exp_scaling_v1__hiroute__smartcity_v1__rf_3967_exodus__seed3__20260312_173427
exp_scaling_v1__flat_iroute__smartcity_v1__rf_3967_exodus__seed3__20260312_173427,exp_scaling_v1,flat_iroute,smartcity_v1,rf_3967_exodus,3,a3404f2,2026-03-12T17:34:27Z,2026-03-12T17:35:43Z,75.509,completed,runs/completed/exp_scaling_v1__flat_iroute__smartcity_v1__rf_3967_exodus__seed3__20260312_173427
exp_scaling_v1__hiroute__smartcity_v1__rf_1239_sprint__seed3__20260312_173427,exp_scaling_v1,hiroute,smartcity_v1,rf_1239_sprint,3,a3404f2,2026-03-12T17:34:27Z,2026-03-12T17:38:52Z,264.365,completed,runs/completed/exp_scaling_v1__hiroute__smartcity_v1__rf_1239_sprint__seed3__20260312_173427
exp_scaling_v1__oracle__smartcity_v1__rf_1239_sprint__seed3__20260312_173427,exp_scaling_v1,oracle,smartcity_v1,rf_1239_sprint,3,a3404f2,2026-03-12T17:34:27Z,2026-03-12T17:38:51Z,264.383,completed,runs/completed/exp_scaling_v1__oracle__smartcity_v1__rf_1239_sprint__seed3__20260312_173427
exp_scaling_v1__flat_iroute__smartcity_v1__rf_1239_sprint__seed3__20260312_173427,exp_scaling_v1,flat_iroute,smartcity_v1,rf_1239_sprint,3,a3404f2,2026-03-12T17:34:27Z,2026-03-12T17:38:52Z,264.751,completed,runs/completed/exp_scaling_v1__flat_iroute__smartcity_v1__rf_1239_sprint__seed3__20260312_173427
exp_staleness_v1__hiroute__smartcity_v1__rf_3967_exodus__seed1__20260312_173937,exp_staleness_v1,hiroute,smartcity_v1,rf_3967_exodus,1,04dd33f,2026-03-12T17:39:37Z,2026-03-12T17:41:47Z,129.926,completed,runs/completed/exp_staleness_v1__hiroute__smartcity_v1__rf_3967_exodus__seed1__20260312_173937
exp_staleness_v1__oracle__smartcity_v1__rf_3967_exodus__seed1__20260312_173937,exp_staleness_v1,oracle,smartcity_v1,rf_3967_exodus,1,04dd33f,2026-03-12T17:39:37Z,2026-03-12T17:41:47Z,130.235,completed,runs/completed/exp_staleness_v1__oracle__smartcity_v1__rf_3967_exodus__seed1__20260312_173937
exp_staleness_v1__flat_iroute__smartcity_v1__rf_3967_exodus__seed1__20260312_173937,exp_staleness_v1,flat_iroute,smartcity_v1,rf_3967_exodus,1,04dd33f,2026-03-12T17:39:37Z,2026-03-12T17:41:47Z,130.521,completed,runs/completed/exp_staleness_v1__flat_iroute__smartcity_v1__rf_3967_exodus__seed1__20260312_173937
exp_failures_v1__flat_iroute__smartcity_v1__rf_3967_exodus__link__seed1__20260312_173937,exp_failures_v1,flat_iroute,smartcity_v1,rf_3967_exodus,1,04dd33f,2026-03-12T17:39:37Z,2026-03-12T17:41:49Z,131.463,completed,runs/completed/exp_failures_v1__flat_iroute__smartcity_v1__rf_3967_exodus__link__seed1__20260312_173937
exp_failures_v1__oracle__smartcity_v1__rf_3967_exodus__link__seed1__20260312_173937,exp_failures_v1,oracle,smartcity_v1,rf_3967_exodus,1,04dd33f,2026-03-12T17:39:37Z,2026-03-12T17:41:49Z,131.436,completed,runs/completed/exp_failures_v1__oracle__smartcity_v1__rf_3967_exodus__link__seed1__20260312_173937
exp_failures_v1__hiroute__smartcity_v1__rf_3967_exodus__link__seed1__20260312_173937,exp_failures_v1,hiroute,smartcity_v1,rf_3967_exodus,1,04dd33f,2026-03-12T17:39:37Z,2026-03-12T17:41:49Z,131.663,completed,runs/completed/exp_failures_v1__hiroute__smartcity_v1__rf_3967_exodus__link__seed1__20260312_173937
exp_failures_v1__hiroute__smartcity_v1__rf_3967_exodus__domain__seed1__20260312_173938,exp_failures_v1,hiroute,smartcity_v1,rf_3967_exodus,1,04dd33f,2026-03-12T17:39:38Z,2026-03-12T17:41:49Z,131.589,completed,runs/completed/exp_failures_v1__hiroute__smartcity_v1__rf_3967_exodus__domain__seed1__20260312_173938
exp_failures_v1__flood__smartcity_v1__rf_3967_exodus__link__seed1__20260312_173937,exp_failures_v1,flood,smartcity_v1,rf_3967_exodus,1,04dd33f,2026-03-12T17:39:37Z,2026-03-12T17:41:49Z,132.266,completed,runs/completed/exp_failures_v1__flood__smartcity_v1__rf_3967_exodus__link__seed1__20260312_173937
exp_failures_v1__flood__smartcity_v1__rf_3967_exodus__domain__seed1__20260312_173937,exp_failures_v1,flood,smartcity_v1,rf_3967_exodus,1,04dd33f,2026-03-12T17:39:37Z,2026-03-12T17:41:50Z,132.398,completed,runs/completed/exp_failures_v1__flood__smartcity_v1__rf_3967_exodus__domain__seed1__20260312_173937
exp_failures_v1__oracle__smartcity_v1__rf_3967_exodus__domain__seed1__20260312_173938,exp_failures_v1,oracle,smartcity_v1,rf_3967_exodus,1,04dd33f,2026-03-12T17:39:38Z,2026-03-12T17:41:50Z,131.915,completed,runs/completed/exp_failures_v1__oracle__smartcity_v1__rf_3967_exodus__domain__seed1__20260312_173938
exp_failures_v1__flat_iroute__smartcity_v1__rf_3967_exodus__domain__seed1__20260312_173937,exp_failures_v1,flat_iroute,smartcity_v1,rf_3967_exodus,1,04dd33f,2026-03-12T17:39:37Z,2026-03-12T17:41:50Z,132.585,completed,runs/completed/exp_failures_v1__flat_iroute__smartcity_v1__rf_3967_exodus__domain__seed1__20260312_173937
exp_staleness_v1__oracle__smartcity_v1__rf_3967_exodus__seed2__20260312_174241,exp_staleness_v1,oracle,smartcity_v1,rf_3967_exodus,2,99960a5,2026-03-12T17:42:41Z,2026-03-12T17:45:02Z,140.543,completed,runs/completed/exp_staleness_v1__oracle__smartcity_v1__rf_3967_exodus__seed2__20260312_174241
exp_failures_v1__flat_iroute__smartcity_v1__rf_3967_exodus__domain__seed2__20260312_174241,exp_failures_v1,flat_iroute,smartcity_v1,rf_3967_exodus,2,99960a5,2026-03-12T17:42:41Z,2026-03-12T17:45:02Z,140.782,completed,runs/completed/exp_failures_v1__flat_iroute__smartcity_v1__rf_3967_exodus__domain__seed2__20260312_174241
exp_failures_v1__flood__smartcity_v1__rf_3967_exodus__domain__seed2__20260312_174241,exp_failures_v1,flood,smartcity_v1,rf_3967_exodus,2,99960a5,2026-03-12T17:42:41Z,2026-03-12T17:45:02Z,141.015,completed,runs/completed/exp_failures_v1__flood__smartcity_v1__rf_3967_exodus__domain__seed2__20260312_174241
exp_failures_v1__flood__smartcity_v1__rf_3967_exodus__link__seed2__20260312_174241,exp_failures_v1,flood,smartcity_v1,rf_3967_exodus,2,99960a5,2026-03-12T17:42:41Z,2026-03-12T17:45:02Z,141.063,completed,runs/completed/exp_failures_v1__flood__smartcity_v1__rf_3967_exodus__link__seed2__20260312_174241
exp_failures_v1__oracle__smartcity_v1__rf_3967_exodus__link__seed2__20260312_174241,exp_failures_v1,oracle,smartcity_v1,rf_3967_exodus,2,99960a5,2026-03-12T17:42:41Z,2026-03-12T17:45:02Z,141.051,completed,runs/completed/exp_failures_v1__oracle__smartcity_v1__rf_3967_exodus__link__seed2__20260312_174241
exp_failures_v1__oracle__smartcity_v1__rf_3967_exodus__domain__seed2__20260312_174241,exp_failures_v1,oracle,smartcity_v1,rf_3967_exodus,2,99960a5,2026-03-12T17:42:41Z,2026-03-12T17:45:03Z,141.436,completed,runs/completed/exp_failures_v1__oracle__smartcity_v1__rf_3967_exodus__domain__seed2__20260312_174241
exp_failures_v1__hiroute__smartcity_v1__rf_3967_exodus__domain__seed2__20260312_174241,exp_failures_v1,hiroute,smartcity_v1,rf_3967_exodus,2,99960a5,2026-03-12T17:42:41Z,2026-03-12T17:45:03Z,141.188,completed,runs/completed/exp_failures_v1__hiroute__smartcity_v1__rf_3967_exodus__domain__seed2__20260312_174241
exp_staleness_v1__flat_iroute__smartcity_v1__rf_3967_exodus__seed2__20260312_174241,exp_staleness_v1,flat_iroute,smartcity_v1,rf_3967_exodus,2,99960a5,2026-03-12T17:42:41Z,2026-03-12T17:45:03Z,141.379,completed,runs/completed/exp_staleness_v1__flat_iroute__smartcity_v1__rf_3967_exodus__seed2__20260312_174241
exp_staleness_v1__hiroute__smartcity_v1__rf_3967_exodus__seed2__20260312_174241,exp_staleness_v1,hiroute,smartcity_v1,rf_3967_exodus,2,99960a5,2026-03-12T17:42:41Z,2026-03-12T17:45:03Z,141.358,completed,runs/completed/exp_staleness_v1__hiroute__smartcity_v1__rf_3967_exodus__seed2__20260312_174241
exp_failures_v1__flat_iroute__smartcity_v1__rf_3967_exodus__link__seed2__20260312_174241,exp_failures_v1,flat_iroute,smartcity_v1,rf_3967_exodus,2,99960a5,2026-03-12T17:42:41Z,2026-03-12T17:45:03Z,141.523,completed,runs/completed/exp_failures_v1__flat_iroute__smartcity_v1__rf_3967_exodus__link__seed2__20260312_174241
exp_failures_v1__hiroute__smartcity_v1__rf_3967_exodus__link__seed2__20260312_174241,exp_failures_v1,hiroute,smartcity_v1,rf_3967_exodus,2,99960a5,2026-03-12T17:42:41Z,2026-03-12T17:45:03Z,141.8,completed,runs/completed/exp_failures_v1__hiroute__smartcity_v1__rf_3967_exodus__link__seed2__20260312_174241
exp_staleness_v1__hiroute__smartcity_v1__rf_3967_exodus__seed3__20260312_174550,exp_staleness_v1,hiroute,smartcity_v1,rf_3967_exodus,3,984c7de,2026-03-12T17:45:50Z,2026-03-12T17:48:12Z,141.709,completed,runs/completed/exp_staleness_v1__hiroute__smartcity_v1__rf_3967_exodus__seed3__20260312_174550
exp_staleness_v1__flat_iroute__smartcity_v1__rf_3967_exodus__seed3__20260312_174550,exp_staleness_v1,flat_iroute,smartcity_v1,rf_3967_exodus,3,984c7de,2026-03-12T17:45:50Z,2026-03-12T17:48:12Z,142.021,completed,runs/completed/exp_staleness_v1__flat_iroute__smartcity_v1__rf_3967_exodus__seed3__20260312_174550
exp_staleness_v1__oracle__smartcity_v1__rf_3967_exodus__seed3__20260312_174550,exp_staleness_v1,oracle,smartcity_v1,rf_3967_exodus,3,984c7de,2026-03-12T17:45:50Z,2026-03-12T17:48:12Z,142.226,completed,runs/completed/exp_staleness_v1__oracle__smartcity_v1__rf_3967_exodus__seed3__20260312_174550
exp_failures_v1__flat_iroute__smartcity_v1__rf_3967_exodus__domain__seed3__20260312_174550,exp_failures_v1,flat_iroute,smartcity_v1,rf_3967_exodus,3,984c7de,2026-03-12T17:45:50Z,2026-03-12T17:48:13Z,142.62,completed,runs/completed/exp_failures_v1__flat_iroute__smartcity_v1__rf_3967_exodus__domain__seed3__20260312_174550
exp_failures_v1__oracle__smartcity_v1__rf_3967_exodus__domain__seed3__20260312_174550,exp_failures_v1,oracle,smartcity_v1,rf_3967_exodus,3,984c7de,2026-03-12T17:45:50Z,2026-03-12T17:48:13Z,142.665,completed,runs/completed/exp_failures_v1__oracle__smartcity_v1__rf_3967_exodus__domain__seed3__20260312_174550
exp_failures_v1__flood__smartcity_v1__rf_3967_exodus__domain__seed3__20260312_174550,exp_failures_v1,flood,smartcity_v1,rf_3967_exodus,3,984c7de,2026-03-12T17:45:50Z,2026-03-12T17:48:13Z,142.78,completed,runs/completed/exp_failures_v1__flood__smartcity_v1__rf_3967_exodus__domain__seed3__20260312_174550
exp_failures_v1__hiroute__smartcity_v1__rf_3967_exodus__link__seed3__20260312_174550,exp_failures_v1,hiroute,smartcity_v1,rf_3967_exodus,3,984c7de,2026-03-12T17:45:50Z,2026-03-12T17:48:13Z,142.965,completed,runs/completed/exp_failures_v1__hiroute__smartcity_v1__rf_3967_exodus__link__seed3__20260312_174550
exp_failures_v1__oracle__smartcity_v1__rf_3967_exodus__link__seed3__20260312_174550,exp_failures_v1,oracle,smartcity_v1,rf_3967_exodus,3,984c7de,2026-03-12T17:45:50Z,2026-03-12T17:48:13Z,142.923,completed,runs/completed/exp_failures_v1__oracle__smartcity_v1__rf_3967_exodus__link__seed3__20260312_174550
exp_failures_v1__flat_iroute__smartcity_v1__rf_3967_exodus__link__seed3__20260312_174550,exp_failures_v1,flat_iroute,smartcity_v1,rf_3967_exodus,3,984c7de,2026-03-12T17:45:50Z,2026-03-12T17:48:13Z,143.066,completed,runs/completed/exp_failures_v1__flat_iroute__smartcity_v1__rf_3967_exodus__link__seed3__20260312_174550
exp_failures_v1__flood__smartcity_v1__rf_3967_exodus__link__seed3__20260312_174550,exp_failures_v1,flood,smartcity_v1,rf_3967_exodus,3,984c7de,2026-03-12T17:45:50Z,2026-03-12T17:48:13Z,143.091,completed,runs/completed/exp_failures_v1__flood__smartcity_v1__rf_3967_exodus__link__seed3__20260312_174550
exp_failures_v1__hiroute__smartcity_v1__rf_3967_exodus__domain__seed3__20260312_174550,exp_failures_v1,hiroute,smartcity_v1,rf_3967_exodus,3,984c7de,2026-03-12T17:45:50Z,2026-03-12T17:48:13Z,143.278,completed,runs/completed/exp_failures_v1__hiroute__smartcity_v1__rf_3967_exodus__domain__seed3__20260312_174550
exp_ablation_v1__predicates_plus_flat__smartcity_v1__rf_3967_exodus__seed1__20260312_175835,exp_ablation_v1,predicates_plus_flat,smartcity_v1,rf_3967_exodus,1,0a384e2,2026-03-12T17:58:36Z,2026-03-12T18:00:40Z,124.452,completed,runs/completed/exp_ablation_v1__predicates_plus_flat__smartcity_v1__rf_3967_exodus__seed1__20260312_175835
exp_ablation_v1__full_hiroute__smartcity_v1__rf_3967_exodus__seed3__20260312_175835,exp_ablation_v1,full_hiroute,smartcity_v1,rf_3967_exodus,3,0a384e2,2026-03-12T17:58:35Z,2026-03-12T18:00:40Z,125.057,completed,runs/completed/exp_ablation_v1__full_hiroute__smartcity_v1__rf_3967_exodus__seed3__20260312_175835
exp_ablation_v1__full_hiroute__smartcity_v1__rf_3967_exodus__seed1__20260312_175835,exp_ablation_v1,full_hiroute,smartcity_v1,rf_3967_exodus,1,0a384e2,2026-03-12T17:58:35Z,2026-03-12T18:00:41Z,125.258,completed,runs/completed/exp_ablation_v1__full_hiroute__smartcity_v1__rf_3967_exodus__seed1__20260312_175835
exp_ablation_v1__predicates_only__smartcity_v1__rf_3967_exodus__seed1__20260312_175835,exp_ablation_v1,predicates_only,smartcity_v1,rf_3967_exodus,1,0a384e2,2026-03-12T17:58:35Z,2026-03-12T18:00:41Z,125.436,completed,runs/completed/exp_ablation_v1__predicates_only__smartcity_v1__rf_3967_exodus__seed1__20260312_175835
exp_ablation_v1__predicates_plus_flat__smartcity_v1__rf_3967_exodus__seed2__20260312_175835,exp_ablation_v1,predicates_plus_flat,smartcity_v1,rf_3967_exodus,2,0a384e2,2026-03-12T17:58:35Z,2026-03-12T18:00:41Z,125.485,completed,runs/completed/exp_ablation_v1__predicates_plus_flat__smartcity_v1__rf_3967_exodus__seed2__20260312_175835
exp_ablation_v1__predicates_only__smartcity_v1__rf_3967_exodus__seed3__20260312_175835,exp_ablation_v1,predicates_only,smartcity_v1,rf_3967_exodus,3,0a384e2,2026-03-12T17:58:35Z,2026-03-12T18:00:41Z,125.492,completed,runs/completed/exp_ablation_v1__predicates_only__smartcity_v1__rf_3967_exodus__seed3__20260312_175835
exp_ablation_v1__full_hiroute__smartcity_v1__rf_3967_exodus__seed2__20260312_175835,exp_ablation_v1,full_hiroute,smartcity_v1,rf_3967_exodus,2,0a384e2,2026-03-12T17:58:36Z,2026-03-12T18:00:41Z,125.599,completed,runs/completed/exp_ablation_v1__full_hiroute__smartcity_v1__rf_3967_exodus__seed2__20260312_175835
exp_ablation_v1__predicates_only__smartcity_v1__rf_3967_exodus__seed2__20260312_175835,exp_ablation_v1,predicates_only,smartcity_v1,rf_3967_exodus,2,0a384e2,2026-03-12T17:58:36Z,2026-03-12T18:00:41Z,125.647,completed,runs/completed/exp_ablation_v1__predicates_only__smartcity_v1__rf_3967_exodus__seed2__20260312_175835
exp_ablation_v1__predicates_plus_flat__smartcity_v1__rf_3967_exodus__seed3__20260312_175835,exp_ablation_v1,predicates_plus_flat,smartcity_v1,rf_3967_exodus,3,0a384e2,2026-03-12T17:58:36Z,2026-03-12T18:00:41Z,125.603,completed,runs/completed/exp_ablation_v1__predicates_plus_flat__smartcity_v1__rf_3967_exodus__seed3__20260312_175835
exp_ablation_v1__flat_semantic_only__smartcity_v1__rf_3967_exodus__seed3__20260312_175835,exp_ablation_v1,flat_semantic_only,smartcity_v1,rf_3967_exodus,3,0a384e2,2026-03-12T17:58:36Z,2026-03-12T18:00:42Z,126.152,completed,runs/completed/exp_ablation_v1__flat_semantic_only__smartcity_v1__rf_3967_exodus__seed3__20260312_175835
exp_ablation_v1__flat_semantic_only__smartcity_v1__rf_3967_exodus__seed2__20260312_175835,exp_ablation_v1,flat_semantic_only,smartcity_v1,rf_3967_exodus,2,0a384e2,2026-03-12T17:58:36Z,2026-03-12T18:00:42Z,126.2,completed,runs/completed/exp_ablation_v1__flat_semantic_only__smartcity_v1__rf_3967_exodus__seed2__20260312_175835
exp_ablation_v1__flat_semantic_only__smartcity_v1__rf_3967_exodus__seed1__20260312_175835,exp_ablation_v1,flat_semantic_only,smartcity_v1,rf_3967_exodus,1,0a384e2,2026-03-12T17:58:35Z,2026-03-12T18:00:42Z,126.392,completed,runs/completed/exp_ablation_v1__flat_semantic_only__smartcity_v1__rf_3967_exodus__seed1__20260312_175835
exp_staleness_v1__hiroute__smartcity_v1__rf_3967_exodus__seed2__20260312_181108,exp_staleness_v1,hiroute,smartcity_v1,rf_3967_exodus,2,1184a37,2026-03-12T18:11:09Z,2026-03-12T18:15:34Z,265.203,completed,runs/completed/exp_staleness_v1__hiroute__smartcity_v1__rf_3967_exodus__seed2__20260312_181108
exp_failures_v1__hiroute__smartcity_v1__rf_3967_exodus__link__seed2__20260312_181109,exp_failures_v1,hiroute,smartcity_v1,rf_3967_exodus,2,1184a37,2026-03-12T18:11:09Z,2026-03-12T18:15:36Z,267.462,completed,runs/completed/exp_failures_v1__hiroute__smartcity_v1__rf_3967_exodus__link__seed2__20260312_181109
exp_staleness_v1__hiroute__smartcity_v1__rf_3967_exodus__seed1__20260312_181108,exp_staleness_v1,hiroute,smartcity_v1,rf_3967_exodus,1,1184a37,2026-03-12T18:11:09Z,2026-03-12T18:15:37Z,267.791,completed,runs/completed/exp_staleness_v1__hiroute__smartcity_v1__rf_3967_exodus__seed1__20260312_181108
exp_scaling_v1__hiroute__smartcity_v1__rf_3967_exodus__seed1__20260312_181108,exp_scaling_v1,hiroute,smartcity_v1,rf_3967_exodus,1,1184a37,2026-03-12T18:11:09Z,2026-03-12T18:15:38Z,269.281,completed,runs/completed/exp_scaling_v1__hiroute__smartcity_v1__rf_3967_exodus__seed1__20260312_181108
exp_main_v1__hiroute__smartcity_v1__rf_3967_exodus__seed2__20260312_181108,exp_main_v1,hiroute,smartcity_v1,rf_3967_exodus,2,1184a37,2026-03-12T18:11:09Z,2026-03-12T18:15:39Z,270.584,completed,runs/completed/exp_main_v1__hiroute__smartcity_v1__rf_3967_exodus__seed2__20260312_181108
exp_failures_v1__hiroute__smartcity_v1__rf_3967_exodus__link__seed1__20260312_181109,exp_failures_v1,hiroute,smartcity_v1,rf_3967_exodus,1,1184a37,2026-03-12T18:11:09Z,2026-03-12T18:15:40Z,271.559,completed,runs/completed/exp_failures_v1__hiroute__smartcity_v1__rf_3967_exodus__link__seed1__20260312_181109
exp_main_v1__hiroute__smartcity_v1__rf_3967_exodus__seed1__20260312_181108,exp_main_v1,hiroute,smartcity_v1,rf_3967_exodus,1,1184a37,2026-03-12T18:11:09Z,2026-03-12T18:15:41Z,272.75,completed,runs/completed/exp_main_v1__hiroute__smartcity_v1__rf_3967_exodus__seed1__20260312_181108
exp_ablation_v1__full_hiroute__smartcity_v1__rf_3967_exodus__seed3__20260312_181109,exp_ablation_v1,full_hiroute,smartcity_v1,rf_3967_exodus,3,1184a37,2026-03-12T18:11:09Z,2026-03-12T18:15:42Z,272.645,completed,runs/completed/exp_ablation_v1__full_hiroute__smartcity_v1__rf_3967_exodus__seed3__20260312_181109
exp_ablation_v1__full_hiroute__smartcity_v1__rf_3967_exodus__seed1__20260312_181109,exp_ablation_v1,full_hiroute,smartcity_v1,rf_3967_exodus,1,1184a37,2026-03-12T18:11:09Z,2026-03-12T18:15:43Z,273.482,completed,runs/completed/exp_ablation_v1__full_hiroute__smartcity_v1__rf_3967_exodus__seed1__20260312_181109
exp_failures_v1__hiroute__smartcity_v1__rf_3967_exodus__domain__seed3__20260312_181109,exp_failures_v1,hiroute,smartcity_v1,rf_3967_exodus,3,1184a37,2026-03-12T18:11:09Z,2026-03-12T18:15:43Z,274.039,completed,runs/completed/exp_failures_v1__hiroute__smartcity_v1__rf_3967_exodus__domain__seed3__20260312_181109
exp_failures_v1__hiroute__smartcity_v1__rf_3967_exodus__link__seed3__20260312_181109,exp_failures_v1,hiroute,smartcity_v1,rf_3967_exodus,3,1184a37,2026-03-12T18:11:09Z,2026-03-12T18:15:43Z,274.459,completed,runs/completed/exp_failures_v1__hiroute__smartcity_v1__rf_3967_exodus__link__seed3__20260312_181109
exp_scaling_v1__hiroute__smartcity_v1__rf_3967_exodus__seed2__20260312_181108,exp_scaling_v1,hiroute,smartcity_v1,rf_3967_exodus,2,1184a37,2026-03-12T18:11:09Z,2026-03-12T18:15:44Z,275.299,completed,runs/completed/exp_scaling_v1__hiroute__smartcity_v1__rf_3967_exodus__seed2__20260312_181108
exp_scaling_v1__hiroute__smartcity_v1__rf_3967_exodus__seed3__20260312_181108,exp_scaling_v1,hiroute,smartcity_v1,rf_3967_exodus,3,1184a37,2026-03-12T18:11:09Z,2026-03-12T18:15:44Z,275.603,completed,runs/completed/exp_scaling_v1__hiroute__smartcity_v1__rf_3967_exodus__seed3__20260312_181108
exp_main_v1__hiroute__smartcity_v1__rf_3967_exodus__seed4__20260312_181109,exp_main_v1,hiroute,smartcity_v1,rf_3967_exodus,4,1184a37,2026-03-12T18:11:09Z,2026-03-12T18:15:44Z,275.358,completed,runs/completed/exp_main_v1__hiroute__smartcity_v1__rf_3967_exodus__seed4__20260312_181109
exp_ablation_v1__full_hiroute__smartcity_v1__rf_3967_exodus__seed2__20260312_181109,exp_ablation_v1,full_hiroute,smartcity_v1,rf_3967_exodus,2,1184a37,2026-03-12T18:11:09Z,2026-03-12T18:15:44Z,275.436,completed,runs/completed/exp_ablation_v1__full_hiroute__smartcity_v1__rf_3967_exodus__seed2__20260312_181109
exp_failures_v1__hiroute__smartcity_v1__rf_3967_exodus__domain__seed1__20260312_181109,exp_failures_v1,hiroute,smartcity_v1,rf_3967_exodus,1,1184a37,2026-03-12T18:11:09Z,2026-03-12T18:15:45Z,275.598,completed,runs/completed/exp_failures_v1__hiroute__smartcity_v1__rf_3967_exodus__domain__seed1__20260312_181109
exp_main_v1__hiroute__smartcity_v1__rf_3967_exodus__seed5__20260312_181109,exp_main_v1,hiroute,smartcity_v1,rf_3967_exodus,5,1184a37,2026-03-12T18:11:09Z,2026-03-12T18:15:45Z,275.858,completed,runs/completed/exp_main_v1__hiroute__smartcity_v1__rf_3967_exodus__seed5__20260312_181109
exp_staleness_v1__hiroute__smartcity_v1__rf_3967_exodus__seed3__20260312_181108,exp_staleness_v1,hiroute,smartcity_v1,rf_3967_exodus,3,1184a37,2026-03-12T18:11:09Z,2026-03-12T18:15:46Z,276.843,completed,runs/completed/exp_staleness_v1__hiroute__smartcity_v1__rf_3967_exodus__seed3__20260312_181108
exp_main_v1__hiroute__smartcity_v1__rf_3967_exodus__seed3__20260312_181108,exp_main_v1,hiroute,smartcity_v1,rf_3967_exodus,3,1184a37,2026-03-12T18:11:09Z,2026-03-12T18:15:46Z,277.184,completed,runs/completed/exp_main_v1__hiroute__smartcity_v1__rf_3967_exodus__seed3__20260312_181108
exp_failures_v1__hiroute__smartcity_v1__rf_3967_exodus__domain__seed2__20260312_181109,exp_failures_v1,hiroute,smartcity_v1,rf_3967_exodus,2,1184a37,2026-03-12T18:11:09Z,2026-03-12T18:15:46Z,277.131,completed,runs/completed/exp_failures_v1__hiroute__smartcity_v1__rf_3967_exodus__domain__seed2__20260312_181109
exp_scaling_v1__hiroute__smartcity_v1__rf_1239_sprint__seed2__20260312_181108,exp_scaling_v1,hiroute,smartcity_v1,rf_1239_sprint,2,1184a37,2026-03-12T18:11:09Z,2026-03-12T18:18:35Z,446.033,completed,runs/completed/exp_scaling_v1__hiroute__smartcity_v1__rf_1239_sprint__seed2__20260312_181108
exp_scaling_v1__hiroute__smartcity_v1__rf_1239_sprint__seed3__20260312_181108,exp_scaling_v1,hiroute,smartcity_v1,rf_1239_sprint,3,1184a37,2026-03-12T18:11:09Z,2026-03-12T18:18:35Z,446.064,completed,runs/completed/exp_scaling_v1__hiroute__smartcity_v1__rf_1239_sprint__seed3__20260312_181108
exp_scaling_v1__hiroute__smartcity_v1__rf_1239_sprint__seed1__20260312_181109,exp_scaling_v1,hiroute,smartcity_v1,rf_1239_sprint,1,1184a37,2026-03-12T18:11:09Z,2026-03-12T18:18:35Z,446.274,completed,runs/completed/exp_scaling_v1__hiroute__smartcity_v1__rf_1239_sprint__seed1__20260312_181109
exp_main_v1__hiroute__smartcity_v1__rf_3967_exodus__seed1__20260312_182505,exp_main_v1,hiroute,smartcity_v1,rf_3967_exodus,1,fb4be10,2026-03-12T18:25:05Z,2026-03-12T18:25:53Z,47.539,completed,runs/completed/exp_main_v1__hiroute__smartcity_v1__rf_3967_exodus__seed1__20260312_182505
exp_main_v1__hiroute__smartcity_v1__rf_3967_exodus__seed2__20260312_182553,exp_main_v1,hiroute,smartcity_v1,rf_3967_exodus,2,fb4be10,2026-03-12T18:25:53Z,2026-03-12T18:26:36Z,43.323,completed,runs/completed/exp_main_v1__hiroute__smartcity_v1__rf_3967_exodus__seed2__20260312_182553
exp_main_v1__hiroute__smartcity_v1__rf_3967_exodus__seed3__20260312_182637,exp_main_v1,hiroute,smartcity_v1,rf_3967_exodus,3,fb4be10,2026-03-12T18:26:37Z,2026-03-12T18:27:20Z,43.726,completed,runs/completed/exp_main_v1__hiroute__smartcity_v1__rf_3967_exodus__seed3__20260312_182637
exp_main_v1__hiroute__smartcity_v1__rf_3967_exodus__seed4__20260312_182721,exp_main_v1,hiroute,smartcity_v1,rf_3967_exodus,4,fb4be10,2026-03-12T18:27:21Z,2026-03-12T18:28:05Z,44.554,completed,runs/completed/exp_main_v1__hiroute__smartcity_v1__rf_3967_exodus__seed4__20260312_182721
exp_main_v1__hiroute__smartcity_v1__rf_3967_exodus__seed5__20260312_182805,exp_main_v1,hiroute,smartcity_v1,rf_3967_exodus,5,fb4be10,2026-03-12T18:28:05Z,2026-03-12T18:44:31Z,985.338,completed,runs/completed/exp_main_v1__hiroute__smartcity_v1__rf_3967_exodus__seed5__20260312_182805
exp_ablation_v1__full_hiroute__smartcity_v1__rf_3967_exodus__seed1__20260312_223111,exp_ablation_v1,full_hiroute,smartcity_v1,rf_3967_exodus,1,fb4be10,2026-03-12T22:31:11Z,2026-03-13T00:06:53Z,5742.066,completed,runs/completed/exp_ablation_v1__full_hiroute__smartcity_v1__rf_3967_exodus__seed1__20260312_223111
exp_ablation_v1__full_hiroute__smartcity_v1__rf_3967_exodus__seed2__20260313_000654,exp_ablation_v1,full_hiroute,smartcity_v1,rf_3967_exodus,2,fb4be10,2026-03-13T00:06:54Z,2026-03-13T01:23:31Z,4597.385,completed,runs/completed/exp_ablation_v1__full_hiroute__smartcity_v1__rf_3967_exodus__seed2__20260313_000654
exp_ablation_v1__full_hiroute__smartcity_v1__rf_3967_exodus__seed3__20260313_012331,exp_ablation_v1,full_hiroute,smartcity_v1,rf_3967_exodus,3,fb4be10,2026-03-13T01:23:31Z,2026-03-13T01:55:58Z,1946.462,completed,runs/completed/exp_ablation_v1__full_hiroute__smartcity_v1__rf_3967_exodus__seed3__20260313_012331
exp_main_v1__hiroute__smartcity_v1__rf_3967_exodus__seed1__20260313_020519,exp_main_v1,hiroute,smartcity_v1,rf_3967_exodus,1,e2e8946,2026-03-13T02:05:19Z,2026-03-13T02:06:06Z,46.967,completed,runs/completed/exp_main_v1__hiroute__smartcity_v1__rf_3967_exodus__seed1__20260313_020519
exp_main_v1__hiroute__smartcity_v1__rf_3967_exodus__seed2__20260313_020706,exp_main_v1,hiroute,smartcity_v1,rf_3967_exodus,2,e2e8946,2026-03-13T02:07:06Z,2026-03-13T02:07:50Z,43.925,completed,runs/completed/exp_main_v1__hiroute__smartcity_v1__rf_3967_exodus__seed2__20260313_020706
exp_main_v1__hiroute__smartcity_v1__rf_3967_exodus__seed3__20260313_020750,exp_main_v1,hiroute,smartcity_v1,rf_3967_exodus,3,e2e8946,2026-03-13T02:07:50Z,2026-03-13T02:08:34Z,43.933,completed,runs/completed/exp_main_v1__hiroute__smartcity_v1__rf_3967_exodus__seed3__20260313_020750
exp_main_v1__hiroute__smartcity_v1__rf_3967_exodus__seed4__20260313_020834,exp_main_v1,hiroute,smartcity_v1,rf_3967_exodus,4,e2e8946,2026-03-13T02:08:34Z,2026-03-13T02:09:18Z,43.889,completed,runs/completed/exp_main_v1__hiroute__smartcity_v1__rf_3967_exodus__seed4__20260313_020834
exp_main_v1__hiroute__smartcity_v1__rf_3967_exodus__seed5__20260313_020918,exp_main_v1,hiroute,smartcity_v1,rf_3967_exodus,5,e2e8946,2026-03-13T02:09:18Z,2026-03-13T02:10:03Z,45.311,completed,runs/completed/exp_main_v1__hiroute__smartcity_v1__rf_3967_exodus__seed5__20260313_020918
exp_scaling_v1__hiroute__smartcity_v1__rf_3967_exodus__seed1__20260313_021004,exp_scaling_v1,hiroute,smartcity_v1,rf_3967_exodus,1,e2e8946,2026-03-13T02:10:04Z,2026-03-13T02:10:51Z,46.902,completed,runs/completed/exp_scaling_v1__hiroute__smartcity_v1__rf_3967_exodus__seed1__20260313_021004
exp_scaling_v1__hiroute__smartcity_v1__rf_1239_sprint__seed1__20260313_021051,exp_scaling_v1,hiroute,smartcity_v1,rf_1239_sprint,1,e2e8946,2026-03-13T02:10:51Z,2026-03-13T02:13:54Z,183.634,completed,runs/completed/exp_scaling_v1__hiroute__smartcity_v1__rf_1239_sprint__seed1__20260313_021051
exp_scaling_v1__hiroute__smartcity_v1__rf_3967_exodus__seed2__20260313_021355,exp_scaling_v1,hiroute,smartcity_v1,rf_3967_exodus,2,e2e8946,2026-03-13T02:13:55Z,2026-03-13T02:14:40Z,44.849,completed,runs/completed/exp_scaling_v1__hiroute__smartcity_v1__rf_3967_exodus__seed2__20260313_021355
exp_scaling_v1__hiroute__smartcity_v1__rf_1239_sprint__seed2__20260313_021440,exp_scaling_v1,hiroute,smartcity_v1,rf_1239_sprint,2,e2e8946,2026-03-13T02:14:40Z,2026-03-13T02:17:43Z,183.463,completed,runs/completed/exp_scaling_v1__hiroute__smartcity_v1__rf_1239_sprint__seed2__20260313_021440
exp_scaling_v1__hiroute__smartcity_v1__rf_3967_exodus__seed3__20260313_021743,exp_scaling_v1,hiroute,smartcity_v1,rf_3967_exodus,3,e2e8946,2026-03-13T02:17:43Z,2026-03-13T02:18:27Z,43.864,completed,runs/completed/exp_scaling_v1__hiroute__smartcity_v1__rf_3967_exodus__seed3__20260313_021743
exp_scaling_v1__hiroute__smartcity_v1__rf_1239_sprint__seed3__20260313_021827,exp_scaling_v1,hiroute,smartcity_v1,rf_1239_sprint,3,e2e8946,2026-03-13T02:18:28Z,2026-03-13T02:21:28Z,180.977,completed,runs/completed/exp_scaling_v1__hiroute__smartcity_v1__rf_1239_sprint__seed3__20260313_021827
exp_staleness_v1__hiroute__smartcity_v1__rf_3967_exodus__seed1__20260313_022129,exp_staleness_v1,hiroute,smartcity_v1,rf_3967_exodus,1,e2e8946,2026-03-13T02:21:29Z,2026-03-13T02:22:15Z,46.736,completed,runs/completed/exp_staleness_v1__hiroute__smartcity_v1__rf_3967_exodus__seed1__20260313_022129
exp_staleness_v1__hiroute__smartcity_v1__rf_3967_exodus__seed2__20260313_022216,exp_staleness_v1,hiroute,smartcity_v1,rf_3967_exodus,2,e2e8946,2026-03-13T02:22:16Z,2026-03-13T02:23:00Z,44.14,completed,runs/completed/exp_staleness_v1__hiroute__smartcity_v1__rf_3967_exodus__seed2__20260313_022216
exp_staleness_v1__hiroute__smartcity_v1__rf_3967_exodus__seed3__20260313_022300,exp_staleness_v1,hiroute,smartcity_v1,rf_3967_exodus,3,e2e8946,2026-03-13T02:23:00Z,2026-03-13T02:23:44Z,43.666,completed,runs/completed/exp_staleness_v1__hiroute__smartcity_v1__rf_3967_exodus__seed3__20260313_022300
exp_failures_v1__hiroute__smartcity_v1__rf_3967_exodus__link__seed1__20260313_022344,exp_failures_v1,hiroute,smartcity_v1,rf_3967_exodus,1,e2e8946,2026-03-13T02:23:44Z,2026-03-13T02:24:29Z,45.163,completed,runs/completed/exp_failures_v1__hiroute__smartcity_v1__rf_3967_exodus__link__seed1__20260313_022344
exp_failures_v1__hiroute__smartcity_v1__rf_3967_exodus__domain__seed1__20260313_022429,exp_failures_v1,hiroute,smartcity_v1,rf_3967_exodus,1,e2e8946,2026-03-13T02:24:29Z,2026-03-13T02:25:14Z,45.32,completed,runs/completed/exp_failures_v1__hiroute__smartcity_v1__rf_3967_exodus__domain__seed1__20260313_022429
exp_failures_v1__hiroute__smartcity_v1__rf_3967_exodus__link__seed2__20260313_022515,exp_failures_v1,hiroute,smartcity_v1,rf_3967_exodus,2,e2e8946,2026-03-13T02:25:15Z,2026-03-13T02:25:59Z,44.079,completed,runs/completed/exp_failures_v1__hiroute__smartcity_v1__rf_3967_exodus__link__seed2__20260313_022515
exp_failures_v1__hiroute__smartcity_v1__rf_3967_exodus__domain__seed2__20260313_022559,exp_failures_v1,hiroute,smartcity_v1,rf_3967_exodus,2,e2e8946,2026-03-13T02:25:59Z,2026-03-13T02:26:43Z,43.968,completed,runs/completed/exp_failures_v1__hiroute__smartcity_v1__rf_3967_exodus__domain__seed2__20260313_022559
exp_failures_v1__hiroute__smartcity_v1__rf_3967_exodus__link__seed3__20260313_022643,exp_failures_v1,hiroute,smartcity_v1,rf_3967_exodus,3,e2e8946,2026-03-13T02:26:43Z,2026-03-13T02:27:27Z,43.605,completed,runs/completed/exp_failures_v1__hiroute__smartcity_v1__rf_3967_exodus__link__seed3__20260313_022643
exp_failures_v1__hiroute__smartcity_v1__rf_3967_exodus__domain__seed3__20260313_022727,exp_failures_v1,hiroute,smartcity_v1,rf_3967_exodus,3,e2e8946,2026-03-13T02:27:27Z,2026-03-13T02:28:11Z,43.771,completed,runs/completed/exp_failures_v1__hiroute__smartcity_v1__rf_3967_exodus__domain__seed3__20260313_022727
exp_ablation_v1__full_hiroute__smartcity_v1__rf_3967_exodus__seed1__20260313_022826,exp_ablation_v1,full_hiroute,smartcity_v1,rf_3967_exodus,1,e2e8946,2026-03-13T02:28:26Z,2026-03-13T02:29:11Z,45.811,completed,runs/completed/exp_ablation_v1__full_hiroute__smartcity_v1__rf_3967_exodus__seed1__20260313_022826
exp_ablation_v1__full_hiroute__smartcity_v1__rf_3967_exodus__seed2__20260313_022912,exp_ablation_v1,full_hiroute,smartcity_v1,rf_3967_exodus,2,e2e8946,2026-03-13T02:29:12Z,2026-03-13T02:29:55Z,43.831,completed,runs/completed/exp_ablation_v1__full_hiroute__smartcity_v1__rf_3967_exodus__seed2__20260313_022912
exp_ablation_v1__full_hiroute__smartcity_v1__rf_3967_exodus__seed3__20260313_022956,exp_ablation_v1,full_hiroute,smartcity_v1,rf_3967_exodus,3,e2e8946,2026-03-13T02:29:56Z,2026-03-13T02:30:39Z,43.699,completed,runs/completed/exp_ablation_v1__full_hiroute__smartcity_v1__rf_3967_exodus__seed3__20260313_022956
exp_staleness_v1__hiroute__smartcity_v1__rf_3967_exodus__seed1__20260313_024526,exp_staleness_v1,hiroute,smartcity_v1,rf_3967_exodus,1,776d173,2026-03-13T02:45:26Z,2026-03-13T02:46:11Z,45.34,completed,runs/completed/exp_staleness_v1__hiroute__smartcity_v1__rf_3967_exodus__seed1__20260313_024526
exp_failures_v1__hiroute__smartcity_v1__rf_3967_exodus__link__seed1__20260313_024611,exp_failures_v1,hiroute,smartcity_v1,rf_3967_exodus,1,776d173,2026-03-13T02:46:11Z,2026-03-13T02:46:58Z,46.683,completed,runs/completed/exp_failures_v1__hiroute__smartcity_v1__rf_3967_exodus__link__seed1__20260313_024611
exp_failures_v1__hiroute__smartcity_v1__rf_3967_exodus__domain__seed1__20260313_024658,exp_failures_v1,hiroute,smartcity_v1,rf_3967_exodus,1,776d173,2026-03-13T02:46:58Z,2026-03-13T02:47:44Z,46.193,completed,runs/completed/exp_failures_v1__hiroute__smartcity_v1__rf_3967_exodus__domain__seed1__20260313_024658
exp_staleness_v1__hiroute__smartcity_v1__rf_3967_exodus__seed1__20260313_024922,exp_staleness_v1,hiroute,smartcity_v1,rf_3967_exodus,1,33fe09f,2026-03-13T02:49:22Z,2026-03-13T02:50:07Z,44.799,completed,runs/completed/exp_staleness_v1__hiroute__smartcity_v1__rf_3967_exodus__seed1__20260313_024922
exp_failures_v1__hiroute__smartcity_v1__rf_3967_exodus__link__seed1__20260313_025007,exp_failures_v1,hiroute,smartcity_v1,rf_3967_exodus,1,33fe09f,2026-03-13T02:50:07Z,2026-03-13T02:50:53Z,45.286,completed,runs/completed/exp_failures_v1__hiroute__smartcity_v1__rf_3967_exodus__link__seed1__20260313_025007
exp_failures_v1__hiroute__smartcity_v1__rf_3967_exodus__domain__seed1__20260313_025053,exp_failures_v1,hiroute,smartcity_v1,rf_3967_exodus,1,33fe09f,2026-03-13T02:50:53Z,2026-03-13T02:51:38Z,44.77,completed,runs/completed/exp_failures_v1__hiroute__smartcity_v1__rf_3967_exodus__domain__seed1__20260313_025053
exp_staleness_v1__flat_iroute__smartcity_v1__rf_3967_exodus__seed1__20260313_025211,exp_staleness_v1,flat_iroute,smartcity_v1,rf_3967_exodus,1,33fe09f,2026-03-13T02:52:11Z,2026-03-13T02:52:56Z,44.409,completed,runs/completed/exp_staleness_v1__flat_iroute__smartcity_v1__rf_3967_exodus__seed1__20260313_025211
exp_staleness_v1__flat_iroute__smartcity_v1__rf_3967_exodus__seed2__20260313_025256,exp_staleness_v1,flat_iroute,smartcity_v1,rf_3967_exodus,2,33fe09f,2026-03-13T02:52:56Z,2026-03-13T02:53:41Z,45.736,completed,runs/completed/exp_staleness_v1__flat_iroute__smartcity_v1__rf_3967_exodus__seed2__20260313_025256
exp_staleness_v1__flat_iroute__smartcity_v1__rf_3967_exodus__seed3__20260313_025342,exp_staleness_v1,flat_iroute,smartcity_v1,rf_3967_exodus,3,33fe09f,2026-03-13T02:53:42Z,2026-03-13T02:54:27Z,45.406,completed,runs/completed/exp_staleness_v1__flat_iroute__smartcity_v1__rf_3967_exodus__seed3__20260313_025342
exp_staleness_v1__hiroute__smartcity_v1__rf_3967_exodus__seed2__20260313_025427,exp_staleness_v1,hiroute,smartcity_v1,rf_3967_exodus,2,33fe09f,2026-03-13T02:54:27Z,2026-03-13T02:55:13Z,45.902,completed,runs/completed/exp_staleness_v1__hiroute__smartcity_v1__rf_3967_exodus__seed2__20260313_025427
exp_staleness_v1__hiroute__smartcity_v1__rf_3967_exodus__seed3__20260313_025513,exp_staleness_v1,hiroute,smartcity_v1,rf_3967_exodus,3,33fe09f,2026-03-13T02:55:13Z,2026-03-13T02:56:32Z,78.63,completed,runs/completed/exp_staleness_v1__hiroute__smartcity_v1__rf_3967_exodus__seed3__20260313_025513
exp_staleness_v1__oracle__smartcity_v1__rf_3967_exodus__seed1__20260313_025632,exp_staleness_v1,oracle,smartcity_v1,rf_3967_exodus,1,33fe09f,2026-03-13T02:56:33Z,2026-03-13T02:58:22Z,109.153,completed,runs/completed/exp_staleness_v1__oracle__smartcity_v1__rf_3967_exodus__seed1__20260313_025632
exp_staleness_v1__oracle__smartcity_v1__rf_3967_exodus__seed2__20260313_025822,exp_staleness_v1,oracle,smartcity_v1,rf_3967_exodus,2,33fe09f,2026-03-13T02:58:22Z,2026-03-13T03:00:07Z,104.249,completed,runs/completed/exp_staleness_v1__oracle__smartcity_v1__rf_3967_exodus__seed2__20260313_025822
exp_staleness_v1__oracle__smartcity_v1__rf_3967_exodus__seed3__20260313_030007,exp_staleness_v1,oracle,smartcity_v1,rf_3967_exodus,3,33fe09f,2026-03-13T03:00:07Z,2026-03-13T03:00:52Z,44.647,completed,runs/completed/exp_staleness_v1__oracle__smartcity_v1__rf_3967_exodus__seed3__20260313_030007
exp_failures_v1__flood__smartcity_v1__rf_3967_exodus__link__seed1__20260313_030052,exp_failures_v1,flood,smartcity_v1,rf_3967_exodus,1,33fe09f,2026-03-13T03:00:52Z,2026-03-13T03:01:35Z,43.586,completed,runs/completed/exp_failures_v1__flood__smartcity_v1__rf_3967_exodus__link__seed1__20260313_030052
exp_failures_v1__flood__smartcity_v1__rf_3967_exodus__domain__seed1__20260313_030136,exp_failures_v1,flood,smartcity_v1,rf_3967_exodus,1,33fe09f,2026-03-13T03:01:36Z,2026-03-13T03:02:19Z,43.479,completed,runs/completed/exp_failures_v1__flood__smartcity_v1__rf_3967_exodus__domain__seed1__20260313_030136
exp_failures_v1__flood__smartcity_v1__rf_3967_exodus__link__seed2__20260313_030219,exp_failures_v1,flood,smartcity_v1,rf_3967_exodus,2,33fe09f,2026-03-13T03:02:19Z,2026-03-13T03:03:03Z,43.789,completed,runs/completed/exp_failures_v1__flood__smartcity_v1__rf_3967_exodus__link__seed2__20260313_030219
exp_failures_v1__flood__smartcity_v1__rf_3967_exodus__domain__seed2__20260313_030303,exp_failures_v1,flood,smartcity_v1,rf_3967_exodus,2,33fe09f,2026-03-13T03:03:03Z,2026-03-13T03:03:47Z,43.669,completed,runs/completed/exp_failures_v1__flood__smartcity_v1__rf_3967_exodus__domain__seed2__20260313_030303
exp_failures_v1__flood__smartcity_v1__rf_3967_exodus__link__seed3__20260313_030347,exp_failures_v1,flood,smartcity_v1,rf_3967_exodus,3,33fe09f,2026-03-13T03:03:47Z,2026-03-13T03:04:31Z,43.888,completed,runs/completed/exp_failures_v1__flood__smartcity_v1__rf_3967_exodus__link__seed3__20260313_030347
exp_failures_v1__flood__smartcity_v1__rf_3967_exodus__domain__seed3__20260313_030431,exp_failures_v1,flood,smartcity_v1,rf_3967_exodus,3,33fe09f,2026-03-13T03:04:31Z,2026-03-13T03:05:15Z,43.717,completed,runs/completed/exp_failures_v1__flood__smartcity_v1__rf_3967_exodus__domain__seed3__20260313_030431
exp_failures_v1__flat_iroute__smartcity_v1__rf_3967_exodus__link__seed1__20260313_030515,exp_failures_v1,flat_iroute,smartcity_v1,rf_3967_exodus,1,33fe09f,2026-03-13T03:05:15Z,2026-03-13T03:05:59Z,43.628,completed,runs/completed/exp_failures_v1__flat_iroute__smartcity_v1__rf_3967_exodus__link__seed1__20260313_030515
exp_failures_v1__flat_iroute__smartcity_v1__rf_3967_exodus__domain__seed1__20260313_030559,exp_failures_v1,flat_iroute,smartcity_v1,rf_3967_exodus,1,33fe09f,2026-03-13T03:05:59Z,2026-03-13T03:06:42Z,43.275,completed,runs/completed/exp_failures_v1__flat_iroute__smartcity_v1__rf_3967_exodus__domain__seed1__20260313_030559
exp_failures_v1__flat_iroute__smartcity_v1__rf_3967_exodus__link__seed2__20260313_030643,exp_failures_v1,flat_iroute,smartcity_v1,rf_3967_exodus,2,33fe09f,2026-03-13T03:06:43Z,2026-03-13T03:07:26Z,43.527,completed,runs/completed/exp_failures_v1__flat_iroute__smartcity_v1__rf_3967_exodus__link__seed2__20260313_030643
exp_failures_v1__flat_iroute__smartcity_v1__rf_3967_exodus__domain__seed2__20260313_030726,exp_failures_v1,flat_iroute,smartcity_v1,rf_3967_exodus,2,33fe09f,2026-03-13T03:07:26Z,2026-03-13T03:08:10Z,43.725,completed,runs/completed/exp_failures_v1__flat_iroute__smartcity_v1__rf_3967_exodus__domain__seed2__20260313_030726
exp_failures_v1__flat_iroute__smartcity_v1__rf_3967_exodus__link__seed3__20260313_030810,exp_failures_v1,flat_iroute,smartcity_v1,rf_3967_exodus,3,33fe09f,2026-03-13T03:08:10Z,2026-03-13T03:08:54Z,43.51,completed,runs/completed/exp_failures_v1__flat_iroute__smartcity_v1__rf_3967_exodus__link__seed3__20260313_030810
exp_failures_v1__flat_iroute__smartcity_v1__rf_3967_exodus__domain__seed3__20260313_030854,exp_failures_v1,flat_iroute,smartcity_v1,rf_3967_exodus,3,33fe09f,2026-03-13T03:08:54Z,2026-03-13T03:09:37Z,42.967,completed,runs/completed/exp_failures_v1__flat_iroute__smartcity_v1__rf_3967_exodus__domain__seed3__20260313_030854
exp_failures_v1__hiroute__smartcity_v1__rf_3967_exodus__link__seed2__20260313_030937,exp_failures_v1,hiroute,smartcity_v1,rf_3967_exodus,2,33fe09f,2026-03-13T03:09:37Z,2026-03-13T03:10:21Z,44.128,completed,runs/completed/exp_failures_v1__hiroute__smartcity_v1__rf_3967_exodus__link__seed2__20260313_030937
exp_failures_v1__hiroute__smartcity_v1__rf_3967_exodus__domain__seed2__20260313_031022,exp_failures_v1,hiroute,smartcity_v1,rf_3967_exodus,2,33fe09f,2026-03-13T03:10:22Z,2026-03-13T03:11:05Z,43.557,completed,runs/completed/exp_failures_v1__hiroute__smartcity_v1__rf_3967_exodus__domain__seed2__20260313_031022
exp_failures_v1__hiroute__smartcity_v1__rf_3967_exodus__link__seed3__20260313_031105,exp_failures_v1,hiroute,smartcity_v1,rf_3967_exodus,3,33fe09f,2026-03-13T03:11:05Z,2026-03-13T03:11:50Z,44.182,completed,runs/completed/exp_failures_v1__hiroute__smartcity_v1__rf_3967_exodus__link__seed3__20260313_031105
exp_failures_v1__hiroute__smartcity_v1__rf_3967_exodus__domain__seed3__20260313_031150,exp_failures_v1,hiroute,smartcity_v1,rf_3967_exodus,3,33fe09f,2026-03-13T03:11:50Z,2026-03-13T03:12:34Z,43.781,completed,runs/completed/exp_failures_v1__hiroute__smartcity_v1__rf_3967_exodus__domain__seed3__20260313_031150
exp_failures_v1__oracle__smartcity_v1__rf_3967_exodus__link__seed1__20260313_031234,exp_failures_v1,oracle,smartcity_v1,rf_3967_exodus,1,33fe09f,2026-03-13T03:12:34Z,2026-03-13T03:13:18Z,43.824,completed,runs/completed/exp_failures_v1__oracle__smartcity_v1__rf_3967_exodus__link__seed1__20260313_031234
exp_failures_v1__oracle__smartcity_v1__rf_3967_exodus__domain__seed1__20260313_031318,exp_failures_v1,oracle,smartcity_v1,rf_3967_exodus,1,33fe09f,2026-03-13T03:13:18Z,2026-03-13T03:14:01Z,43.686,completed,runs/completed/exp_failures_v1__oracle__smartcity_v1__rf_3967_exodus__domain__seed1__20260313_031318
exp_failures_v1__oracle__smartcity_v1__rf_3967_exodus__link__seed2__20260313_031402,exp_failures_v1,oracle,smartcity_v1,rf_3967_exodus,2,33fe09f,2026-03-13T03:14:02Z,2026-03-13T03:14:47Z,45.704,completed,runs/completed/exp_failures_v1__oracle__smartcity_v1__rf_3967_exodus__link__seed2__20260313_031402
exp_failures_v1__oracle__smartcity_v1__rf_3967_exodus__domain__seed2__20260313_031448,exp_failures_v1,oracle,smartcity_v1,rf_3967_exodus,2,33fe09f,2026-03-13T03:14:48Z,2026-03-13T03:16:45Z,117.223,completed,runs/completed/exp_failures_v1__oracle__smartcity_v1__rf_3967_exodus__domain__seed2__20260313_031448
exp_failures_v1__oracle__smartcity_v1__rf_3967_exodus__link__seed3__20260313_031645,exp_failures_v1,oracle,smartcity_v1,rf_3967_exodus,3,33fe09f,2026-03-13T03:16:45Z,2026-03-13T03:18:19Z,93.652,completed,runs/completed/exp_failures_v1__oracle__smartcity_v1__rf_3967_exodus__link__seed3__20260313_031645
exp_failures_v1__oracle__smartcity_v1__rf_3967_exodus__domain__seed3__20260313_031819,exp_failures_v1,oracle,smartcity_v1,rf_3967_exodus,3,33fe09f,2026-03-13T03:18:19Z,2026-03-13T03:19:04Z,44.386,completed,runs/completed/exp_failures_v1__oracle__smartcity_v1__rf_3967_exodus__domain__seed3__20260313_031819
